number,value,datetime_start,datetime_complete,duration,params_learning_rate,params_max_bins,params_max_leaves,params_max_rounds,params_min_samples_leaf,params_outer_bags,params_smoothing_rounds,user_attrs_mean_r2,user_attrs_mean_wmape_pct,user_attrs_std_nrmse,system_attrs_tpe:relative_params:0,state
0,0.18027711272320043,2026-10-08 20:32:50.888117,2026-10-08 20:32:51.210693,0 days 00:00:00.322576,0.015355286838886862,32,5,600,20,1,0,0.5008217194304629,13.584308793129336,0.06614794404424222,,COMPLETE
1,0.1868180133528721,2026-10-08 20:32:51.210693,2026-10-08 20:32:51.515820,0 days 00:00:00.305127,0.04170553216181044,64,2,900,25,1,0,0.46857708666571357,13.955281447149892,0.06333737639219665,,COMPLETE
2,0.1958110095324016,2026-10-08 20:32:51.515820,2026-10-08 20:32:51.965468,0 days 00:00:00.449648,0.018236581424556052,32,3,200,17,2,25,0.410370137000742,15.552087323479627,0.062044256506371465,,COMPLETE
3,0.18531847064456153,2026-10-08 20:32:51.965468,2026-10-08 20:32:52.172256,0 days 00:00:00.206788,0.023334818836184625,32,4,700,5,1,0,0.4682446932944362,14.212607762427632,0.07403404413086857,,COMPLETE
4,0.18586750338165078,2026-10-08 20:32:52.172256,2026-10-08 20:32:52.448584,0 days 00:00:00.276328,0.012453219846912198,32,2,500,19,1,50,0.46346881926216194,15.57325746195617,0.06167668084074083,,COMPLETE
5,0.20500001554519717,2026-10-08 20:32:52.448584,2026-10-08 20:32:52.773424,0 days 00:00:00.324840,0.036385753170854684,32,3,600,15,1,100,0.3609652643394609,16.0664996262942,0.04951106264211283,,COMPLETE
6,0.20670758721406138,2026-10-08 20:32:52.773424,2026-10-08 20:32:53.054853,0 days 00:00:00.281429,0.0299816694120633,64,5,200,6,1,25,0.3463194317920156,16.608562118773488,0.06371606296482349,,COMPLETE
7,0.19118454923892872,2026-10-08 20:32:53.054853,2026-10-08 20:32:53.739017,0 days 00:00:00.684164,0.014558505116213708,16,3,200,16,4,0,0.4492146898173406,13.297334590772317,0.07211525697322337,,COMPLETE
8,0.18845980042233448,2026-10-08 20:32:53.739017,2026-10-08 20:32:54.817755,0 days 00:00:01.078738,0.0050834018700114374,64,5,800,19,4,0,0.4564448312791527,12.638528025971267,0.07445683404361422,,COMPLETE
9,0.2071179988501927,2026-10-08 20:32:54.817755,2026-10-08 20:32:55.334773,0 days 00:00:00.517018,0.03235188302117385,32,3,400,6,2,75,0.353150834707058,16.75376748165574,0.054120722206177654,,COMPLETE
10,0.195857819443967,2026-10-08 20:32:55.334773,2026-10-08 20:32:56.832144,0 days 00:00:01.497371,0.007154276249073926,16,4,600,20,4,50,0.4107115825581995,16.413006259046515,0.06816604543926315,,COMPLETE
11,0.1941644066500449,2026-10-08 20:32:56.832144,2026-10-08 20:32:57.672907,0 days 00:00:00.840763,0.006907803691475429,64,2,400,18,3,100,0.41966374233449383,16.045080965869875,0.06515374153151754,,COMPLETE
12,0.19719228055376195,2026-10-08 20:32:57.672907,2026-10-08 20:32:58.716242,0 days 00:00:01.043335,0.009923006608672534,32,2,200,11,4,100,0.4044533683523466,16.423027630074007,0.057733936866943135,,COMPLETE
13,0.1967516064326794,2026-10-08 20:32:58.717242,2026-10-08 20:32:59.986393,0 days 00:00:01.269151,0.008743861043586432,64,5,900,16,4,25,0.4028246913422325,15.735781845101315,0.07285423145908013,,COMPLETE
14,0.2147181508172589,2026-10-08 20:32:59.986393,2026-10-08 20:33:00.413799,0 days 00:00:00.427406,0.05797379783186239,64,5,600,5,2,25,0.3163511664151152,17.15624441643247,0.05867217357082214,,COMPLETE
15,0.1994446342975699,2026-10-08 20:33:00.414800,2026-10-08 20:33:01.713808,0 days 00:00:01.299008,0.013166389953074778,32,4,400,19,4,100,0.3835274989284147,17.013329930475667,0.061751223066881,,COMPLETE
16,0.18629317651368105,2026-10-08 20:33:01.713808,2026-10-08 20:33:01.980569,0 days 00:00:00.266761,0.011736970999525807,16,2,600,17,1,25,0.45474802281178217,14.674902547656751,0.07709398721363338,,COMPLETE
17,0.22338194749398835,2026-10-08 20:33:01.980569,2026-10-08 20:33:02.728753,0 days 00:00:00.748184,0.021665201216480946,16,5,700,10,4,25,0.2422342591359454,19.410173051606694,0.06787152249203021,,COMPLETE
18,0.1979942860091821,2026-10-08 20:33:02.728753,2026-10-08 20:33:03.106095,0 days 00:00:00.377342,0.03335885696337851,64,4,900,6,2,0,0.41047685720674315,14.76350688843767,0.07382009269191346,,COMPLETE
19,0.1940743837541208,2026-10-08 20:33:03.106095,2026-10-08 20:33:03.544493,0 days 00:00:00.438398,0.0052547404229300616,32,4,700,9,1,75,0.40182003705609226,16.480436921069643,0.07584526359119075,,COMPLETE
20,0.19017368130101864,2026-10-08 20:33:03.544493,2026-10-08 20:33:03.909019,0 days 00:00:00.364526,0.02757052303617385,32,5,900,16,1,0,0.44506516608202756,13.926251971549375,0.07139127535626567,"{""learning_rate"": 0.02757052303617385, ""max_bins"": 32, ""max_leaves"": 5, ""max_rounds"": 900, ""min_samples_leaf"": 16, ""outer_bags"": 1, ""smoothing_rounds"": 0}",COMPLETE
21,0.1792920998651788,2026-10-08 20:33:03.909019,2026-10-08 20:33:04.191275,0 days 00:00:00.282256,0.009168858824172529,32,5,600,20,1,0,0.5076834374542093,13.259268276977815,0.06488904129439399,"{""learning_rate"": 0.009168858824172529, ""max_bins"": 32, ""max_leaves"": 5, ""max_rounds"": 600, ""min_samples_leaf"": 20, ""outer_bags"": 1, ""smoothing_rounds"": 0}",COMPLETE
22,0.17991481436129012,2026-10-08 20:33:04.191275,2026-10-08 20:33:04.431000,0 days 00:00:00.239725,0.01926739245963479,32,3,700,5,1,0,0.4970982864914113,12.717589524509108,0.07220080845171048,"{""learning_rate"": 0.01926739245963479, ""max_bins"": 32, ""max_leaves"": 3, ""max_rounds"": 700, ""min_samples_leaf"": 5, ""outer_bags"": 1, ""smoothing_rounds"": 0}",COMPLETE
23,0.20354084266850136,2026-10-08 20:33:04.431000,2026-10-08 20:33:04.735277,0 days 00:00:00.304277,0.0206079548437707,32,5,700,20,1,25,0.35767044794228003,17.237456941296028,0.06894583838604747,"{""learning_rate"": 0.0206079548437707, ""max_bins"": 32, ""max_leaves"": 5, ""max_rounds"": 700, ""min_samples_leaf"": 20, ""outer_bags"": 1, ""smoothing_rounds"": 25}",COMPLETE
24,0.18425118119663794,2026-10-08 20:33:04.735277,2026-10-08 20:33:05.115621,0 days 00:00:00.380344,0.011642345356989,32,3,500,14,1,0,0.48897164609381766,13.76059633597245,0.060879012797341,"{""learning_rate"": 0.011642345356989, ""max_bins"": 32, ""max_leaves"": 3, ""max_rounds"": 500, ""min_samples_leaf"": 14, ""outer_bags"": 1, ""smoothing_rounds"": 0}",COMPLETE
25,0.18519448334985356,2026-10-08 20:33:05.115621,2026-10-08 20:33:05.432568,0 days 00:00:00.316947,0.022916833767799998,32,4,600,16,1,0,0.4746662016903584,13.919479638321155,0.07107710350166398,"{""learning_rate"": 0.022916833767799998, ""max_bins"": 32, ""max_leaves"": 4, ""max_rounds"": 600, ""min_samples_leaf"": 16, ""outer_bags"": 1, ""smoothing_rounds"": 0}",COMPLETE
26,0.19541895958977828,2026-10-08 20:33:05.432568,2026-10-08 20:33:06.049694,0 days 00:00:00.617126,0.009385438771542859,32,5,300,20,2,25,0.42108779358286363,15.69622889440673,0.06268131695093443,"{""learning_rate"": 0.009385438771542859, ""max_bins"": 32, ""max_leaves"": 5, ""max_rounds"": 300, ""min_samples_leaf"": 20, ""outer_bags"": 2, ""smoothing_rounds"": 25}",COMPLETE
27,0.1721439659114642,2026-10-08 20:33:06.049694,2026-10-08 20:33:06.452324,0 days 00:00:00.402630,0.006659503247622889,32,5,900,23,1,0,0.538338066899641,12.442763923293166,0.06395890874741367,"{""learning_rate"": 0.006659503247622889, ""max_bins"": 32, ""max_leaves"": 5, ""max_rounds"": 900, ""min_samples_leaf"": 23, ""outer_bags"": 1, ""smoothing_rounds"": 0}",COMPLETE
28,0.18901733013387242,2026-10-08 20:33:06.452324,2026-10-08 20:33:06.734644,0 days 00:00:00.282320,0.007860396581051093,32,5,800,22,1,25,0.4495423759182499,15.48830398571139,0.06859174071353119,"{""learning_rate"": 0.007860396581051093, ""max_bins"": 32, ""max_leaves"": 5, ""max_rounds"": 800, ""min_samples_leaf"": 22, ""outer_bags"": 1, ""smoothing_rounds"": 25}",COMPLETE
29,0.17884651404948496,2026-10-08 20:33:06.734644,2026-10-08 20:33:07.407222,0 days 00:00:00.672578,0.007939852763210395,32,5,900,23,2,0,0.5036925347618236,13.026316855867798,0.06671952056997593,"{""learning_rate"": 0.007939852763210395, ""max_bins"": 32, ""max_leaves"": 5, ""max_rounds"": 900, ""min_samples_leaf"": 23, ""outer_bags"": 2, ""smoothing_rounds"": 0}",COMPLETE
30,0.1802197158219185,2026-10-08 20:33:07.407222,2026-10-08 20:33:08.024783,0 days 00:00:00.617561,0.014626904366411527,32,5,900,25,2,0,0.5012569357212328,12.689010125292533,0.06586220267928167,"{""learning_rate"": 0.014626904366411527, ""max_bins"": 32, ""max_leaves"": 5, ""max_rounds"": 900, ""min_samples_leaf"": 25, ""outer_bags"": 2, ""smoothing_rounds"": 0}",COMPLETE
31,0.17866003536827416,2026-10-08 20:33:08.024783,2026-10-08 20:33:08.732424,0 days 00:00:00.707641,0.0076193048928001675,32,5,900,23,2,0,0.504238337700662,13.041217491401321,0.0668060702802126,"{""learning_rate"": 0.0076193048928001675, ""max_bins"": 32, ""max_leaves"": 5, ""max_rounds"": 900, ""min_samples_leaf"": 23, ""outer_bags"": 2, ""smoothing_rounds"": 0}",COMPLETE
32,0.18552762819068158,2026-10-08 20:33:08.732424,2026-10-08 20:33:09.253898,0 days 00:00:00.521474,0.00509186498434424,32,5,1000,25,2,0,0.4777114408364202,12.78915122565183,0.06648322667769323,"{""learning_rate"": 0.00509186498434424, ""max_bins"": 32, ""max_leaves"": 5, ""max_rounds"": 1000, ""min_samples_leaf"": 25, ""outer_bags"": 2, ""smoothing_rounds"": 0}",COMPLETE
33,0.1849072351843298,2026-10-08 20:33:09.253898,2026-10-08 20:33:10.098663,0 days 00:00:00.844765,0.007179781146740177,32,5,900,24,3,0,0.47068267291545257,13.111381482756157,0.07313460910691533,"{""learning_rate"": 0.007179781146740177, ""max_bins"": 32, ""max_leaves"": 5, ""max_rounds"": 900, ""min_samples_leaf"": 24, ""outer_bags"": 3, ""smoothing_rounds"": 0}",COMPLETE
34,0.18480625708242415,2026-10-08 20:33:10.098663,2026-10-08 20:33:10.866371,0 days 00:00:00.767708,0.00677916841714671,32,4,1000,21,2,25,0.47116433060307933,14.857392207535618,0.06708629284062556,"{""learning_rate"": 0.00677916841714671, ""max_bins"": 32, ""max_leaves"": 4, ""max_rounds"": 1000, ""min_samples_leaf"": 21, ""outer_bags"": 2, ""smoothing_rounds"": 25}",COMPLETE
35,0.1730992775573368,2026-10-08 20:33:10.866371,2026-10-08 20:33:11.203677,0 days 00:00:00.337306,0.010594502457451584,32,5,1000,23,1,0,0.5338332262869999,12.688142015315863,0.06373061050783618,"{""learning_rate"": 0.010594502457451584, ""max_bins"": 32, ""max_leaves"": 5, ""max_rounds"": 1000, ""min_samples_leaf"": 23, ""outer_bags"": 1, ""smoothing_rounds"": 0}",COMPLETE
36,0.18163430328317565,2026-10-08 20:33:11.203677,2026-10-08 20:33:11.458909,0 days 00:00:00.255232,0.013035013062718493,32,5,1000,19,1,0,0.4971763967385821,13.401873119856711,0.0637050929437809,"{""learning_rate"": 0.013035013062718493, ""max_bins"": 32, ""max_leaves"": 5, ""max_rounds"": 1000, ""min_samples_leaf"": 19, ""outer_bags"": 1, ""smoothing_rounds"": 0}",COMPLETE
37,0.1852102500893902,2026-10-08 20:33:11.458909,2026-10-08 20:33:11.721147,0 days 00:00:00.262238,0.01169358337233904,32,5,800,25,1,0,0.4803204670585058,12.953993396789892,0.0641288504038652,"{""learning_rate"": 0.01169358337233904, ""max_bins"": 32, ""max_leaves"": 5, ""max_rounds"": 800, ""min_samples_leaf"": 25, ""outer_bags"": 1, ""smoothing_rounds"": 0}",COMPLETE
38,0.1840910527791524,2026-10-08 20:33:11.721147,2026-10-08 20:33:12.045811,0 days 00:00:00.324664,0.0053750921365317336,32,4,900,25,1,0,0.4869656142898931,12.888029197953836,0.062407923982436365,"{""learning_rate"": 0.0053750921365317336, ""max_bins"": 32, ""max_leaves"": 4, ""max_rounds"": 900, ""min_samples_leaf"": 25, ""outer_bags"": 1, ""smoothing_rounds"": 0}",COMPLETE
39,0.1912875553721258,2026-10-08 20:33:12.045811,2026-10-08 20:33:12.757456,0 days 00:00:00.711645,0.006931683025957149,32,5,700,21,2,25,0.4401890697157329,15.2103479451824,0.06512820967789623,"{""learning_rate"": 0.006931683025957149, ""max_bins"": 32, ""max_leaves"": 5, ""max_rounds"": 700, ""min_samples_leaf"": 21, ""outer_bags"": 2, ""smoothing_rounds"": 25}",COMPLETE
40,0.17926590567418174,2026-10-08 20:33:12.757456,2026-10-08 20:33:13.011707,0 days 00:00:00.254251,0.010190992142789653,32,5,800,20,1,0,0.5063594938626946,13.270410491348855,0.06588028713591038,"{""learning_rate"": 0.010190992142789653, ""max_bins"": 32, ""max_leaves"": 5, ""max_rounds"": 800, ""min_samples_leaf"": 20, ""outer_bags"": 1, ""smoothing_rounds"": 0}",COMPLETE
41,0.17770864417315094,2026-10-08 20:33:13.011707,2026-10-08 20:33:13.575779,0 days 00:00:00.564072,0.014843715770046102,32,5,700,22,2,0,0.5053520002124458,13.312942025912838,0.06923521250437058,"{""learning_rate"": 0.014843715770046102, ""max_bins"": 32, ""max_leaves"": 5, ""max_rounds"": 700, ""min_samples_leaf"": 22, ""outer_bags"": 2, ""smoothing_rounds"": 0}",COMPLETE
42,0.19264543880886476,2026-10-08 20:33:13.576780,2026-10-08 20:33:14.134297,0 days 00:00:00.557517,0.009159857037459609,32,5,900,24,2,25,0.432467627581772,16.085159801040714,0.0625182213574007,"{""learning_rate"": 0.009159857037459609, ""max_bins"": 32, ""max_leaves"": 5, ""max_rounds"": 900, ""min_samples_leaf"": 24, ""outer_bags"": 2, ""smoothing_rounds"": 25}",COMPLETE
43,0.17862939004811382,2026-10-08 20:33:14.134297,2026-10-08 20:33:14.698187,0 days 00:00:00.563890,0.00915583142910408,32,4,800,23,2,0,0.5036216625797794,13.085902977664132,0.06727934817182521,"{""learning_rate"": 0.00915583142910408, ""max_bins"": 32, ""max_leaves"": 4, ""max_rounds"": 800, ""min_samples_leaf"": 23, ""outer_bags"": 2, ""smoothing_rounds"": 0}",COMPLETE
44,0.172300309175752,2026-10-08 20:33:14.698187,2026-10-08 20:33:14.986448,0 days 00:00:00.288261,0.009008096617193297,32,5,1000,21,1,0,0.5363582948358513,12.61658503540994,0.06521389164874641,"{""learning_rate"": 0.009008096617193297, ""max_bins"": 32, ""max_leaves"": 5, ""max_rounds"": 1000, ""min_samples_leaf"": 21, ""outer_bags"": 1, ""smoothing_rounds"": 0}",COMPLETE
45,0.17354243102673525,2026-10-08 20:33:14.986448,2026-10-08 20:33:15.259217,0 days 00:00:00.272769,0.0193810119794239,32,5,1000,22,1,0,0.526977219105563,13.170915658688662,0.06643924023121944,"{""learning_rate"": 0.0193810119794239, ""max_bins"": 32, ""max_leaves"": 5, ""max_rounds"": 1000, ""min_samples_leaf"": 22, ""outer_bags"": 1, ""smoothing_rounds"": 0}",COMPLETE
46,0.18366775096002033,2026-10-08 20:33:15.259217,2026-10-08 20:33:15.513953,0 days 00:00:00.254736,0.010848922583703624,32,5,1000,25,1,0,0.48844453349800654,12.957869040587182,0.06259737416650302,"{""learning_rate"": 0.010848922583703624, ""max_bins"": 32, ""max_leaves"": 5, ""max_rounds"": 1000, ""min_samples_leaf"": 25, ""outer_bags"": 1, ""smoothing_rounds"": 0}",COMPLETE
47,0.17424682122209686,2026-10-08 20:33:15.513953,2026-10-08 20:33:15.759175,0 days 00:00:00.245222,0.02429571029995325,32,4,1000,21,1,0,0.5219275477085327,13.489825997004374,0.0688771284300443,"{""learning_rate"": 0.02429571029995325, ""max_bins"": 32, ""max_leaves"": 4, ""max_rounds"": 1000, ""min_samples_leaf"": 21, ""outer_bags"": 1, ""smoothing_rounds"": 0}",COMPLETE
48,0.17461008570538963,2026-10-08 20:33:15.759175,2026-10-08 20:33:16.033433,0 days 00:00:00.274258,0.018803954536363944,32,5,1000,23,1,0,0.5249745914478995,13.163499198280919,0.06497560521045792,"{""learning_rate"": 0.018803954536363944, ""max_bins"": 32, ""max_leaves"": 5, ""max_rounds"": 1000, ""min_samples_leaf"": 23, ""outer_bags"": 1, ""smoothing_rounds"": 0}",COMPLETE
49,0.17894653119643214,2026-10-08 20:33:16.033433,2026-10-08 20:33:16.311698,0 days 00:00:00.278265,0.0052498719002556015,32,5,900,20,1,0,0.5096236302025058,12.95162118414221,0.06470277632508366,"{""learning_rate"": 0.0052498719002556015, ""max_bins"": 32, ""max_leaves"": 5, ""max_rounds"": 900, ""min_samples_leaf"": 20, ""outer_bags"": 1, ""smoothing_rounds"": 0}",COMPLETE
50,0.18290073026078016,2026-10-08 20:33:16.311698,2026-10-08 20:33:16.819984,0 days 00:00:00.508286,0.020324861877184977,32,5,1000,22,2,0,0.4862596605504699,13.622752163955433,0.06376481385653845,"{""learning_rate"": 0.020324861877184977, ""max_bins"": 32, ""max_leaves"": 5, ""max_rounds"": 1000, ""min_samples_leaf"": 22, ""outer_bags"": 2, ""smoothing_rounds"": 0}",COMPLETE
51,0.17413934067873046,2026-10-08 20:33:16.819984,2026-10-08 20:33:17.184314,0 days 00:00:00.364330,0.016829321423028655,32,5,800,21,1,0,0.5259149994087002,13.141966805405444,0.06640880728910623,"{""learning_rate"": 0.016829321423028655, ""max_bins"": 32, ""max_leaves"": 5, ""max_rounds"": 800, ""min_samples_leaf"": 21, ""outer_bags"": 1, ""smoothing_rounds"": 0}",COMPLETE
52,0.17384418866047888,2026-10-08 20:33:17.185315,2026-10-08 20:33:17.626482,0 days 00:00:00.441167,0.021819515001373323,32,5,800,22,1,0,0.5264580004330883,13.337219167309248,0.06609592633913088,"{""learning_rate"": 0.021819515001373323, ""max_bins"": 32, ""max_leaves"": 5, ""max_rounds"": 800, ""min_samples_leaf"": 22, ""outer_bags"": 1, ""smoothing_rounds"": 0}",COMPLETE
53,0.19249370502189536,2026-10-08 20:33:17.626482,2026-10-08 20:33:18.018840,0 days 00:00:00.392358,0.011801583356437712,32,5,900,23,1,25,0.42486660891022804,16.48611551623417,0.06620285135949633,"{""learning_rate"": 0.011801583356437712, ""max_bins"": 32, ""max_leaves"": 5, ""max_rounds"": 900, ""min_samples_leaf"": 23, ""outer_bags"": 1, ""smoothing_rounds"": 25}",COMPLETE
54,0.17227888318039644,2026-10-08 20:33:18.018840,2026-10-08 20:33:18.311776,0 days 00:00:00.292936,0.009094973127940654,32,4,900,21,1,0,0.5362651303294487,12.59480066258387,0.0655453035100986,"{""learning_rate"": 0.009094973127940654, ""max_bins"": 32, ""max_leaves"": 4, ""max_rounds"": 900, ""min_samples_leaf"": 21, ""outer_bags"": 1, ""smoothing_rounds"": 0}",COMPLETE
55,0.17202316642271998,2026-10-08 20:33:18.311776,2026-10-08 20:33:18.584022,0 days 00:00:00.272246,0.010820573083368146,32,4,1000,21,1,0,0.5359970996512243,12.71051099826231,0.06660401690396762,"{""learning_rate"": 0.010820573083368146, ""max_bins"": 32, ""max_leaves"": 4, ""max_rounds"": 1000, ""min_samples_leaf"": 21, ""outer_bags"": 1, ""smoothing_rounds"": 0}",COMPLETE
56,0.17290168687147603,2026-10-08 20:33:18.584022,2026-10-08 20:33:18.877954,0 days 00:00:00.293932,0.011019967630647954,32,5,900,23,1,0,0.5345527262802324,12.720130064823373,0.06393315763860973,"{""learning_rate"": 0.011019967630647954, ""max_bins"": 32, ""max_leaves"": 5, ""max_rounds"": 900, ""min_samples_leaf"": 23, ""outer_bags"": 1, ""smoothing_rounds"": 0}",COMPLETE
57,0.178002295175563,2026-10-08 20:33:18.877954,2026-10-08 20:33:19.102157,0 days 00:00:00.224203,0.010508787608597607,32,4,1000,20,1,0,0.509847960639937,13.254477400806168,0.06785562554106353,"{""learning_rate"": 0.010508787608597607, ""max_bins"": 32, ""max_leaves"": 4, ""max_rounds"": 1000, ""min_samples_leaf"": 20, ""outer_bags"": 1, ""smoothing_rounds"": 0}",COMPLETE
58,0.17987968323069162,2026-10-08 20:33:19.102157,2026-10-08 20:33:19.377913,0 days 00:00:00.275756,0.0075383959705750845,32,5,900,19,1,0,0.504834696522581,12.999779458827,0.06475333981186361,"{""learning_rate"": 0.0075383959705750845, ""max_bins"": 32, ""max_leaves"": 5, ""max_rounds"": 900, ""min_samples_leaf"": 19, ""outer_bags"": 1, ""smoothing_rounds"": 0}",COMPLETE
59,0.17166335978303693,2026-10-08 20:33:19.377913,2026-10-08 20:33:19.704718,0 days 00:00:00.326805,0.006894123736595615,32,4,900,21,1,0,0.538579978697658,12.469771245162393,0.06566304794441129,"{""learning_rate"": 0.006894123736595615, ""max_bins"": 32, ""max_leaves"": 4, ""max_rounds"": 900, ""min_samples_leaf"": 21, ""outer_bags"": 1, ""smoothing_rounds"": 0}",COMPLETE
60,0.17757174123520272,2026-10-08 20:33:19.704718,2026-10-08 20:33:19.964954,0 days 00:00:00.260236,0.007433032606834106,32,4,900,20,1,0,0.5135345783014793,13.037802936496545,0.06672693852808011,"{""learning_rate"": 0.007433032606834106, ""max_bins"": 32, ""max_leaves"": 4, ""max_rounds"": 900, ""min_samples_leaf"": 20, ""outer_bags"": 1, ""smoothing_rounds"": 0}",COMPLETE
61,0.17111571134882042,2026-10-08 20:33:19.964954,2026-10-08 20:33:20.300559,0 days 00:00:00.335605,0.006723374635738282,32,4,1000,22,1,0,0.5424363802632416,12.514904604452134,0.06413530914201185,"{""learning_rate"": 0.006723374635738282, ""max_bins"": 32, ""max_leaves"": 4, ""max_rounds"": 1000, ""min_samples_leaf"": 22, ""outer_bags"": 1, ""smoothing_rounds"": 0}",COMPLETE
62,0.1715178179416319,2026-10-08 20:33:20.300559,2026-10-08 20:33:20.714935,0 days 00:00:00.414376,0.005552585969926912,32,4,1000,21,1,0,0.5396005160549832,12.360290986790604,0.06545714193253722,"{""learning_rate"": 0.005552585969926912, ""max_bins"": 32, ""max_leaves"": 4, ""max_rounds"": 1000, ""min_samples_leaf"": 21, ""outer_bags"": 1, ""smoothing_rounds"": 0}",COMPLETE
63,0.17239281995173059,2026-10-08 20:33:20.714935,2026-10-08 20:33:21.088778,0 days 00:00:00.373843,0.007493594317920003,32,4,1000,23,1,0,0.5365089830952748,12.524991441385168,0.06452862828299462,"{""learning_rate"": 0.007493594317920003, ""max_bins"": 32, ""max_leaves"": 4, ""max_rounds"": 1000, ""min_samples_leaf"": 23, ""outer_bags"": 1, ""smoothing_rounds"": 0}",COMPLETE
64,0.1716994497529093,2026-10-08 20:33:21.088778,2026-10-08 20:33:21.426103,0 days 00:00:00.337325,0.005781742138221099,32,4,1000,21,1,0,0.5394069609474498,12.413908083332904,0.06498745777678684,"{""learning_rate"": 0.005781742138221099, ""max_bins"": 32, ""max_leaves"": 4, ""max_rounds"": 1000, ""min_samples_leaf"": 21, ""outer_bags"": 1, ""smoothing_rounds"": 0}",COMPLETE
65,0.17285227708059195,2026-10-08 20:33:21.426103,2026-10-08 20:33:21.722381,0 days 00:00:00.296278,0.011423801353866041,32,4,1000,23,1,0,0.5335669493974988,12.719996237030214,0.06485950420305478,"{""learning_rate"": 0.011423801353866041, ""max_bins"": 32, ""max_leaves"": 4, ""max_rounds"": 1000, ""min_samples_leaf"": 23, ""outer_bags"": 1, ""smoothing_rounds"": 0}",COMPLETE
66,0.17146438220200633,2026-10-08 20:33:21.722381,2026-10-08 20:33:22.093942,0 days 00:00:00.371561,0.005386889360469594,32,4,1000,22,1,0,0.5411859155296855,12.459358084681098,0.06365321899002015,"{""learning_rate"": 0.005386889360469594, ""max_bins"": 32, ""max_leaves"": 4, ""max_rounds"": 1000, ""min_samples_leaf"": 22, ""outer_bags"": 1, ""smoothing_rounds"": 0}",COMPLETE
67,0.17183514679635403,2026-10-08 20:33:22.093942,2026-10-08 20:33:22.487938,0 days 00:00:00.393996,0.005354514146917642,32,4,900,22,1,0,0.53984251031061,12.480779887431375,0.06341217666372721,"{""learning_rate"": 0.005354514146917642, ""max_bins"": 32, ""max_leaves"": 4, ""max_rounds"": 900, ""min_samples_leaf"": 22, ""outer_bags"": 1, ""smoothing_rounds"": 0}",COMPLETE
68,0.17140971763038348,2026-10-08 20:33:22.487938,2026-10-08 20:33:22.877640,0 days 00:00:00.389702,0.005826084702179824,32,4,900,22,1,0,0.5420407652696726,12.490171795471744,0.06345612490074969,"{""learning_rate"": 0.005826084702179824, ""max_bins"": 32, ""max_leaves"": 4, ""max_rounds"": 900, ""min_samples_leaf"": 22, ""outer_bags"": 1, ""smoothing_rounds"": 0}",COMPLETE
69,0.1789885973987875,2026-10-08 20:33:22.877640,2026-10-08 20:33:23.152889,0 days 00:00:00.275249,0.005887199244678883,32,4,1000,19,1,0,0.507607471224641,12.907431337659553,0.06657012459121364,"{""learning_rate"": 0.005887199244678883, ""max_bins"": 32, ""max_leaves"": 4, ""max_rounds"": 1000, ""min_samples_leaf"": 19, ""outer_bags"": 1, ""smoothing_rounds"": 0}",COMPLETE
70,0.171676230845055,2026-10-08 20:33:23.152889,2026-10-08 20:33:23.522225,0 days 00:00:00.369336,0.005628883545850932,32,4,1000,22,1,0,0.5407517928781429,12.469281331562797,0.0632665650447023,"{""learning_rate"": 0.005628883545850932, ""max_bins"": 32, ""max_leaves"": 4, ""max_rounds"": 1000, ""min_samples_leaf"": 22, ""outer_bags"": 1, ""smoothing_rounds"": 0}",COMPLETE
71,0.17140293677975038,2026-10-08 20:33:23.522225,2026-10-08 20:33:23.911578,0 days 00:00:00.389353,0.005712540673253849,32,4,1000,22,1,0,0.5412725562541029,12.465483113836207,0.06381523938545194,"{""learning_rate"": 0.005712540673253849, ""max_bins"": 32, ""max_leaves"": 4, ""max_rounds"": 1000, ""min_samples_leaf"": 22, ""outer_bags"": 1, ""smoothing_rounds"": 0}",COMPLETE
72,0.17912537629898292,2026-10-08 20:33:23.911578,2026-10-08 20:33:24.192833,0 days 00:00:00.281255,0.006522251213784673,32,4,1000,21,1,25,0.49415668833923476,14.551746460752097,0.07360653203401765,"{""learning_rate"": 0.006522251213784673, ""max_bins"": 32, ""max_leaves"": 4, ""max_rounds"": 1000, ""min_samples_leaf"": 21, ""outer_bags"": 1, ""smoothing_rounds"": 25}",COMPLETE
73,0.1846599635545444,2026-10-08 20:33:24.192833,2026-10-08 20:33:24.486605,0 days 00:00:00.293772,0.007498509974272686,32,4,900,24,1,25,0.46854684636979177,15.042041355073119,0.07189027320843538,"{""learning_rate"": 0.007498509974272686, ""max_bins"": 32, ""max_leaves"": 4, ""max_rounds"": 900, ""min_samples_leaf"": 24, ""outer_bags"": 1, ""smoothing_rounds"": 25}",COMPLETE
74,0.1721729776677838,2026-10-08 20:33:24.486605,2026-10-08 20:33:24.870956,0 days 00:00:00.384351,0.007417613153525817,32,4,800,23,1,0,0.537717391917985,12.483989730417433,0.06433760838247515,"{""learning_rate"": 0.007417613153525817, ""max_bins"": 32, ""max_leaves"": 4, ""max_rounds"": 800, ""min_samples_leaf"": 23, ""outer_bags"": 1, ""smoothing_rounds"": 0}",COMPLETE
75,0.17139627206439245,2026-10-08 20:33:24.870956,2026-10-08 20:33:25.191753,0 days 00:00:00.320797,0.006115223923803178,32,4,1000,22,1,0,0.5407533060843328,12.467837927841394,0.06440120320640284,"{""learning_rate"": 0.006115223923803178, ""max_bins"": 32, ""max_leaves"": 4, ""max_rounds"": 1000, ""min_samples_leaf"": 22, ""outer_bags"": 1, ""smoothing_rounds"": 0}",COMPLETE
76,0.1819070030332911,2026-10-08 20:33:25.192754,2026-10-08 20:33:25.485019,0 days 00:00:00.292265,0.005321052191960869,32,3,1000,24,1,0,0.4942127056551073,12.698780206168529,0.06643060951774571,"{""learning_rate"": 0.005321052191960869, ""max_bins"": 32, ""max_leaves"": 3, ""max_rounds"": 1000, ""min_samples_leaf"": 24, ""outer_bags"": 1, ""smoothing_rounds"": 0}",COMPLETE
77,0.1714062906571029,2026-10-08 20:33:25.485019,2026-10-08 20:33:25.826960,0 days 00:00:00.341941,0.006107177825177228,32,4,800,21,1,0,0.540481614632376,12.43709458691159,0.06528878745961574,"{""learning_rate"": 0.006107177825177228, ""max_bins"": 32, ""max_leaves"": 4, ""max_rounds"": 800, ""min_samples_leaf"": 21, ""outer_bags"": 1, ""smoothing_rounds"": 0}",COMPLETE
78,0.1710612619069878,2026-10-08 20:33:25.826960,2026-10-08 20:33:26.203302,0 days 00:00:00.376342,0.005988910681637893,32,4,800,22,1,0,0.5432656576189356,12.459444841352775,0.06374189233578659,"{""learning_rate"": 0.005988910681637893, ""max_bins"": 32, ""max_leaves"": 4, ""max_rounds"": 800, ""min_samples_leaf"": 22, ""outer_bags"": 1, ""smoothing_rounds"": 0}",COMPLETE
79,0.17777704249724055,2026-10-08 20:33:26.203302,2026-10-08 20:33:26.512582,0 days 00:00:00.309280,0.005719542084920511,32,4,700,20,1,0,0.5135235301810098,12.965256914081571,0.06623669787507128,"{""learning_rate"": 0.005719542084920511, ""max_bins"": 32, ""max_leaves"": 4, ""max_rounds"": 700, ""min_samples_leaf"": 20, ""outer_bags"": 1, ""smoothing_rounds"": 0}",COMPLETE
80,0.18529349642812856,2026-10-08 20:33:26.512582,2026-10-08 20:33:26.792840,0 days 00:00:00.280258,0.007157115367713655,32,4,1000,25,1,0,0.48098494401755304,12.9681228713887,0.06279283040762108,"{""learning_rate"": 0.007157115367713655, ""max_bins"": 32, ""max_leaves"": 4, ""max_rounds"": 1000, ""min_samples_leaf"": 25, ""outer_bags"": 1, ""smoothing_rounds"": 0}",COMPLETE
81,0.17181863620824692,2026-10-08 20:33:26.792840,2026-10-08 20:33:27.186199,0 days 00:00:00.393359,0.005069634879477236,32,4,700,22,1,0,0.5400224396658833,12.465317313137733,0.06331348374234536,"{""learning_rate"": 0.005069634879477236, ""max_bins"": 32, ""max_leaves"": 4, ""max_rounds"": 700, ""min_samples_leaf"": 22, ""outer_bags"": 1, ""smoothing_rounds"": 0}",COMPLETE
82,0.1752674262128363,2026-10-08 20:33:27.186199,2026-10-08 20:33:27.932014,0 days 00:00:00.745815,0.00671483505511989,32,4,900,21,2,0,0.5217011168764629,12.73064640483218,0.06605767902735504,"{""learning_rate"": 0.00671483505511989, ""max_bins"": 32, ""max_leaves"": 4, ""max_rounds"": 900, ""min_samples_leaf"": 21, ""outer_bags"": 2, ""smoothing_rounds"": 0}",COMPLETE
83,0.17824112846758242,2026-10-08 20:33:27.932014,2026-10-08 20:33:28.658903,0 days 00:00:00.726889,0.0059561370949927596,32,4,1000,23,2,0,0.5068540232299952,12.939724968026278,0.06644038092193724,"{""learning_rate"": 0.0059561370949927596, ""max_bins"": 32, ""max_leaves"": 4, ""max_rounds"": 1000, ""min_samples_leaf"": 23, ""outer_bags"": 2, ""smoothing_rounds"": 0}",COMPLETE
84,0.1826015027870788,2026-10-08 20:33:28.658903,2026-10-08 20:33:28.970193,0 days 00:00:00.311290,0.007183398346729598,32,4,800,25,1,0,0.4938288414032484,12.871948253531583,0.06172488839946584,"{""learning_rate"": 0.007183398346729598, ""max_bins"": 32, ""max_leaves"": 4, ""max_rounds"": 800, ""min_samples_leaf"": 25, ""outer_bags"": 1, ""smoothing_rounds"": 0}",COMPLETE
85,0.17281913427023762,2026-10-08 20:33:28.970193,2026-10-08 20:33:29.311682,0 days 00:00:00.341489,0.009464162080752386,32,4,900,23,1,0,0.534831621590719,12.626143943625827,0.06427712838593638,"{""learning_rate"": 0.009464162080752386, ""max_bins"": 32, ""max_leaves"": 4, ""max_rounds"": 900, ""min_samples_leaf"": 23, ""outer_bags"": 1, ""smoothing_rounds"": 0}",COMPLETE
86,0.18327975896958973,2026-10-08 20:33:29.311682,2026-10-08 20:33:29.633987,0 days 00:00:00.322305,0.006832550235856048,32,4,1000,24,1,25,0.47559193887810186,14.813382335437602,0.07231957937559953,"{""learning_rate"": 0.006832550235856048, ""max_bins"": 32, ""max_leaves"": 4, ""max_rounds"": 1000, ""min_samples_leaf"": 24, ""outer_bags"": 1, ""smoothing_rounds"": 25}",COMPLETE
87,0.17135158697743855,2026-10-08 20:33:29.633987,2026-10-08 20:33:30.014336,0 days 00:00:00.380349,0.006030649694756237,32,4,800,22,1,0,0.5419222475479809,12.48310004279059,0.06374615101153931,"{""learning_rate"": 0.006030649694756237, ""max_bins"": 32, ""max_leaves"": 4, ""max_rounds"": 800, ""min_samples_leaf"": 22, ""outer_bags"": 1, ""smoothing_rounds"": 0}",COMPLETE
88,0.17135385625034483,2026-10-08 20:33:30.014336,2026-10-08 20:33:30.389182,0 days 00:00:00.374846,0.0052544910088357915,32,5,900,22,1,0,0.5414579820050796,12.44519734750118,0.06395563889178207,"{""learning_rate"": 0.0052544910088357915, ""max_bins"": 32, ""max_leaves"": 5, ""max_rounds"": 900, ""min_samples_leaf"": 22, ""outer_bags"": 1, ""smoothing_rounds"": 0}",COMPLETE
89,0.1755154508331064,2026-10-08 20:33:30.389182,2026-10-08 20:33:30.687452,0 days 00:00:00.298270,0.0053239350238006525,32,4,800,20,1,25,0.514946924976026,14.060542427871175,0.07016980533078612,"{""learning_rate"": 0.0053239350238006525, ""max_bins"": 32, ""max_leaves"": 4, ""max_rounds"": 800, ""min_samples_leaf"": 20, ""outer_bags"": 1, ""smoothing_rounds"": 25}",COMPLETE
90,0.17808269045539285,2026-10-08 20:33:30.687452,2026-10-08 20:33:30.959700,0 days 00:00:00.272248,0.006357236763493502,32,4,800,20,1,0,0.512157507963415,12.95448270152037,0.06619754866785428,"{""learning_rate"": 0.006357236763493502, ""max_bins"": 32, ""max_leaves"": 4, ""max_rounds"": 800, ""min_samples_leaf"": 20, ""outer_bags"": 1, ""smoothing_rounds"": 0}",COMPLETE
91,0.17190840832918408,2026-10-08 20:33:30.959700,2026-10-08 20:33:31.298007,0 days 00:00:00.338307,0.008080012980181168,32,4,700,21,1,0,0.5374965167958491,12.523878964476994,0.06584458092568694,"{""learning_rate"": 0.008080012980181168, ""max_bins"": 32, ""max_leaves"": 4, ""max_rounds"": 700, ""min_samples_leaf"": 21, ""outer_bags"": 1, ""smoothing_rounds"": 0}",COMPLETE
92,0.17345228854425865,2026-10-08 20:33:31.298007,2026-10-08 20:33:31.693873,0 days 00:00:00.395866,0.005331179677031935,32,3,900,22,1,0,0.531877813473105,12.260497405595379,0.06278227694264087,"{""learning_rate"": 0.005331179677031935, ""max_bins"": 32, ""max_leaves"": 3, ""max_rounds"": 900, ""min_samples_leaf"": 22, ""outer_bags"": 1, ""smoothing_rounds"": 0}",COMPLETE
93,0.17270248608061523,2026-10-08 20:33:31.693873,2026-10-08 20:33:32.174309,0 days 00:00:00.480436,0.005427351522462955,32,4,800,23,1,0,0.5358903212818239,12.40664471136787,0.06377460406938372,"{""learning_rate"": 0.005427351522462955, ""max_bins"": 32, ""max_leaves"": 4, ""max_rounds"": 800, ""min_samples_leaf"": 23, ""outer_bags"": 1, ""smoothing_rounds"": 0}",COMPLETE
94,0.17222272680887532,2026-10-08 20:33:32.175310,2026-10-08 20:33:32.534853,0 days 00:00:00.359543,0.007242123685420903,32,5,800,21,1,0,0.5368895823388726,12.52099283878024,0.06510289123232707,"{""learning_rate"": 0.007242123685420903, ""max_bins"": 32, ""max_leaves"": 5, ""max_rounds"": 800, ""min_samples_leaf"": 21, ""outer_bags"": 1, ""smoothing_rounds"": 0}",COMPLETE
95,0.18061346180739302,2026-10-08 20:33:32.535854,2026-10-08 20:33:32.790084,0 days 00:00:00.254230,0.009116101675834227,32,4,1000,24,1,0,0.49887895433109763,12.742502148419293,0.06818150569980685,"{""learning_rate"": 0.009116101675834227, ""max_bins"": 32, ""max_leaves"": 4, ""max_rounds"": 1000, ""min_samples_leaf"": 24, ""outer_bags"": 1, ""smoothing_rounds"": 0}",COMPLETE
96,0.17376226318137178,2026-10-08 20:33:32.790084,2026-10-08 20:33:33.137400,0 days 00:00:00.347316,0.0062190926586603605,32,3,1000,21,1,0,0.5302931405898982,12.25449704774264,0.06381834993120693,"{""learning_rate"": 0.0062190926586603605, ""max_bins"": 32, ""max_leaves"": 3, ""max_rounds"": 1000, ""min_samples_leaf"": 21, ""outer_bags"": 1, ""smoothing_rounds"": 0}",COMPLETE
97,0.17306174360802187,2026-10-08 20:33:33.137400,2026-10-08 20:33:33.487718,0 days 00:00:00.350318,0.007462508602344854,32,3,800,22,1,0,0.5334523604772042,12.3203960124248,0.0632841051686172,"{""learning_rate"": 0.007462508602344854, ""max_bins"": 32, ""max_leaves"": 3, ""max_rounds"": 800, ""min_samples_leaf"": 22, ""outer_bags"": 1, ""smoothing_rounds"": 0}",COMPLETE
98,0.17168093074643853,2026-10-08 20:33:33.487718,2026-10-08 20:33:33.801830,0 days 00:00:00.314112,0.00892613167772207,32,4,1000,22,1,0,0.5394337407138584,12.666427503493885,0.06428664371646761,"{""learning_rate"": 0.00892613167772207, ""max_bins"": 32, ""max_leaves"": 4, ""max_rounds"": 1000, ""min_samples_leaf"": 22, ""outer_bags"": 1, ""smoothing_rounds"": 0}",COMPLETE
99,0.172339505184146,2026-10-08 20:33:33.801830,2026-10-08 20:33:34.185179,0 days 00:00:00.383349,0.005940835976146319,32,5,1000,23,1,0,0.537713071575392,12.407727924753523,0.06367874502750955,"{""learning_rate"": 0.005940835976146319, ""max_bins"": 32, ""max_leaves"": 5, ""max_rounds"": 1000, ""min_samples_leaf"": 23, ""outer_bags"": 1, ""smoothing_rounds"": 0}",COMPLETE
