number,value,datetime_start,datetime_complete,duration,params_colsample_bytree,params_gamma,params_learning_rate,params_max_depth,params_min_child_weight,params_n_estimators,params_reg_alpha,params_reg_lambda,params_subsample,user_attrs_mean_r2,user_attrs_mean_wmape_pct,user_attrs_std_nrmse,system_attrs_tpe:relative_params:0,state
0,0.1851275671252636,2026-10-08 20:28:45.267485,2026-10-08 20:28:45.451651,0 days 00:00:00.184166,0.662397808134481,3.005575058716044,0.07441632389160634,3,13,218,0.00019517224641449495,39.67605077052987,0.6624074561769746,0.47523304481000345,12.495701837261505,0.07002634061637059,,COMPLETE
1,0.19319421444799814,2026-10-08 20:28:45.451651,2026-10-08 20:28:45.596783,0 days 00:00:00.145132,0.6727299868828402,2.6237821581611893,0.17898794163735265,1,17,369,0.0008260808399079611,0.8179499475211672,0.6849356442713105,0.43471702363868087,14.2596147296916,0.06318712122769493,,COMPLETE
2,0.17948894482099742,2026-10-08 20:28:45.596783,2026-10-08 20:28:45.705882,0 days 00:00:00.109099,0.7465447373174767,0.9983689107917987,0.04777437867054351,1,5,244,0.019069966103000432,22.673986523780385,0.7168578594140873,0.5056249772487186,12.189809910789686,0.07035499054754467,,COMPLETE
3,0.3398939039181963,2026-10-08 20:28:45.705882,2026-10-08 20:28:45.838002,0 days 00:00:00.132120,0.6260206371941118,4.041986740582305,0.005934530307791968,2,13,281,5.5517216852447255,78.86714129990483,0.6682096494749166,-0.6417005909295715,27.87377391797985,0.05818525354333716,,COMPLETE
4,0.18390593470228467,2026-10-08 20:28:45.838002,2026-10-08 20:28:45.939094,0 days 00:00:00.101092,0.798070764044508,1.2938999080000846,0.062395369491878315,1,10,187,0.00014857392806279257,53.45166110646818,0.6488152939379115,0.478712980324192,12.558457372994424,0.07644402391110709,,COMPLETE
5,0.18800111020374996,2026-10-08 20:28:45.939094,2026-10-08 20:28:46.085226,0 days 00:00:00.146132,0.9878338511058234,4.474136752138244,0.03405259191324469,1,12,348,0.7510418138777541,65.84106160121607,0.6739417822102108,0.45757866701313227,12.84687299587896,0.07722043310823457,,COMPLETE
6,0.17838835792600757,2026-10-08 20:28:46.085226,2026-10-08 20:28:46.276400,0 days 00:00:00.191174,0.7301321323053057,4.143687545759647,0.006930112765148064,3,6,319,0.00877781550471966,0.6516990611177174,0.6180909155642152,0.5098941788817419,12.861728492458845,0.07432835903330001,,COMPLETE
7,0.1806903947475963,2026-10-08 20:28:46.276400,2026-10-08 20:28:46.375489,0 days 00:00:00.099089,0.6298202574719083,0.993578407670862,0.037017039861413845,1,5,210,8.598737339212267,20.73644517790503,0.9208787923016158,0.49400661286766034,12.68353272822594,0.07496576026363261,,COMPLETE
8,0.17871849426370914,2026-10-08 20:28:46.375489,2026-10-08 20:28:46.428538,0 days 00:00:00.053049,0.6296178606936361,4.315517129377968,0.0678262606477337,3,16,52,0.006199100007802264,0.22264204303769677,0.9085081386743783,0.5025900570866891,12.821506446429249,0.07530699825419596,,COMPLETE
9,0.2771870639851704,2026-10-08 20:28:46.428538,2026-10-08 20:28:46.568665,0 days 00:00:00.140127,0.8918424713352255,2.3610746258097466,0.006321123775566325,1,8,331,0.1540945776288154,45.88156549160973,0.7300733288106989,-0.09347744051151315,22.006083721377777,0.06529854443442763,,COMPLETE
10,0.17854443698257697,2026-10-08 20:28:46.568665,2026-10-08 20:28:46.647737,0 days 00:00:00.079072,0.7975182385457563,0.12709563372047594,0.08275481892245508,3,13,103,0.04108318894699928,1.9170041589170652,0.9083868719818244,0.5213273972998357,12.18341726327975,0.05896190954412274,,COMPLETE
11,0.1733393906688255,2026-10-08 20:28:46.647737,2026-10-08 20:28:46.710794,0 days 00:00:00.063057,0.9630265895704372,3.7777556927152434,0.0523043322856166,1,8,98,0.0017638479543546886,1.7027416886764406,0.8034282764658811,0.5359651613256758,11.67439400358971,0.07194805417896444,,COMPLETE
12,0.255773768169319,2026-10-08 20:28:46.710794,2026-10-08 20:28:46.789866,0 days 00:00:00.079072,0.9232481518257668,4.018360384495573,0.014560262826662182,1,5,153,0.146898980776488,41.1511304956109,0.9718790609370292,0.06446850943397035,19.813226338860442,0.06796443848201325,,COMPLETE
13,0.18162255016823592,2026-10-08 20:28:46.789866,2026-10-08 20:28:46.885952,0 days 00:00:00.096086,0.7272013899887455,2.1355389431312815,0.03656188949838098,3,17,134,0.000355025561231308,0.4828424974818325,0.9584365199693973,0.5002509740775506,12.245653858736338,0.06680010113767497,,COMPLETE
14,0.18597973379638585,2026-10-08 20:28:46.885952,2026-10-08 20:28:47.114160,0 days 00:00:00.228208,0.6888431241882921,4.714548519562596,0.0051298862421274944,3,12,418,0.0003974905761171869,1.030019660098677,0.7669644012595116,0.4696310733755367,13.833429578639814,0.07662956219896433,,COMPLETE
15,0.18029877771864877,2026-10-08 20:28:47.114160,2026-10-08 20:28:47.225261,0 days 00:00:00.111101,0.9849789179768444,1.5043915490838482,0.06687265276473395,2,9,195,0.0018151456496577564,3.1027409509128394,0.9887128330883843,0.5100237055113884,11.509168557335782,0.062035358810873346,,COMPLETE
16,0.18430990304961659,2026-10-08 20:28:47.225261,2026-10-08 20:28:47.310339,0 days 00:00:00.085078,0.7114585856946446,0.7244743604561155,0.04737275431765394,1,12,178,3.477998816092334,0.5232216089948756,0.6205915004999957,0.48801222188894133,12.333432396893224,0.06571573735789941,,COMPLETE
17,0.17817744667235028,2026-10-08 20:28:47.310339,2026-10-08 20:28:47.459473,0 days 00:00:00.149134,0.6950550175969599,3.1615291529678973,0.012211164183151305,3,15,270,0.4376044634724404,1.2686721262104845,0.9046478461314871,0.5104068182664984,12.647699287797947,0.07411209027559662,,COMPLETE
18,0.2039503126668293,2026-10-08 20:28:47.459473,2026-10-08 20:28:47.614614,0 days 00:00:00.155141,0.6746074041599417,3.3878218092114123,0.006976211400403728,2,18,335,0.00015991003111214837,5.924870051994316,0.7283120259886944,0.3797086505215342,14.95022198185209,0.07445697826589207,,COMPLETE
19,0.3797012279074173,2026-10-08 20:28:47.614614,2026-10-08 20:28:47.671666,0 days 00:00:00.057052,0.8763750952409863,0.6876047207299663,0.011530013717530672,2,14,57,0.008583743499363281,64.59367085984857,0.6697465716019966,-1.0555320316731998,31.779489529088938,0.05547536290178736,,COMPLETE
20,0.1749670758131999,2026-10-08 20:28:47.671666,2026-10-08 20:28:47.729718,0 days 00:00:00.058052,0.8701719619861418,4.766019854486661,0.0901795612838128,1,6,63,0.010860095992663375,4.98643927137368,0.8419065360507689,0.5282456377274507,11.738679535752647,0.07191925159811803,"{""colsample_bytree"": 0.8701719619861418, ""gamma"": 4.766019854486661, ""learning_rate"": 0.0901795612838128, ""max_depth"": 1, ""min_child_weight"": 6, ""n_estimators"": 63, ""reg_alpha"": 0.010860095992663375, ""reg_lambda"": 4.98643927137368, ""subsample"": 0.8419065360507689}",COMPLETE
21,0.17812293798551918,2026-10-08 20:28:47.729718,2026-10-08 20:28:47.807789,0 days 00:00:00.078071,0.7920950500507438,4.258537791732108,0.06204235605835606,1,10,116,0.009396964601035026,13.591430147849458,0.8450335770273198,0.5099711000471232,11.988995594169767,0.07323364800683808,"{""colsample_bytree"": 0.7920950500507438, ""gamma"": 4.258537791732108, ""learning_rate"": 0.06204235605835606, ""max_depth"": 1, ""min_child_weight"": 10, ""n_estimators"": 116, ""reg_alpha"": 0.009396964601035026, ""reg_lambda"": 13.591430147849458, ""subsample"": 0.8450335770273198}",COMPLETE
22,0.18791437123481405,2026-10-08 20:28:47.807789,2026-10-08 20:28:47.892867,0 days 00:00:00.085078,0.8336618637898231,4.930377224694382,0.061439182455471544,1,8,121,0.005027353407684506,33.37854188698349,0.7878068445439382,0.45976936699576415,12.84297638629545,0.07686867730915234,"{""colsample_bytree"": 0.8336618637898231, ""gamma"": 4.930377224694382, ""learning_rate"": 0.061439182455471544, ""max_depth"": 1, ""min_child_weight"": 8, ""n_estimators"": 121, ""reg_alpha"": 0.005027353407684506, ""reg_lambda"": 33.37854188698349, ""subsample"": 0.7878068445439382}",COMPLETE
23,0.17408226611044242,2026-10-08 20:28:47.892867,2026-10-08 20:28:47.963931,0 days 00:00:00.071064,0.8303877667727583,4.328119299442601,0.07277534446649638,1,4,111,0.00603117060674601,4.664586222758298,0.8339895672916016,0.5295417378402302,11.883410514053567,0.0722353792515751,"{""colsample_bytree"": 0.8303877667727583, ""gamma"": 4.328119299442601, ""learning_rate"": 0.07277534446649638, ""max_depth"": 1, ""min_child_weight"": 4, ""n_estimators"": 111, ""reg_alpha"": 0.00603117060674601, ""reg_lambda"": 4.664586222758298, ""subsample"": 0.8339895672916016}",COMPLETE
24,0.17836121586821066,2026-10-08 20:28:47.963931,2026-10-08 20:28:48.024986,0 days 00:00:00.061055,0.9337780127795248,4.3845200982230645,0.13924031739686613,1,6,68,0.05463157863320937,1.186737947104844,0.7912193242628632,0.5256235434156816,11.890213619085436,0.060226370632603485,"{""colsample_bytree"": 0.9337780127795248, ""gamma"": 4.3845200982230645, ""learning_rate"": 0.13924031739686613, ""max_depth"": 1, ""min_child_weight"": 6, ""n_estimators"": 68, ""reg_alpha"": 0.05463157863320937, ""reg_lambda"": 1.186737947104844, ""subsample"": 0.7912193242628632}",COMPLETE
25,0.17068660298145674,2026-10-08 20:28:48.024986,2026-10-08 20:28:48.087042,0 days 00:00:00.062056,0.941906868751697,3.1325599954656114,0.07175555175996956,1,8,72,0.0018882992664183708,0.23517213506845072,0.8456958491942493,0.5492158905117289,11.879029897726346,0.07135516105613213,"{""colsample_bytree"": 0.941906868751697, ""gamma"": 3.1325599954656114, ""learning_rate"": 0.07175555175996956, ""max_depth"": 1, ""min_child_weight"": 8, ""n_estimators"": 72, ""reg_alpha"": 0.0018882992664183708, ""reg_lambda"": 0.23517213506845072, ""subsample"": 0.8456958491942493}",COMPLETE
26,0.17307537483749458,2026-10-08 20:28:48.087042,2026-10-08 20:28:48.164113,0 days 00:00:00.077071,0.8690465495422176,3.78034107486886,0.04365413386378636,1,7,122,0.0019528119139412981,0.3380770104582853,0.8239305230122712,0.5392290814322651,11.651515056293926,0.0703983622529998,"{""colsample_bytree"": 0.8690465495422176, ""gamma"": 3.78034107486886, ""learning_rate"": 0.04365413386378636, ""max_depth"": 1, ""min_child_weight"": 7, ""n_estimators"": 122, ""reg_alpha"": 0.0019528119139412981, ""reg_lambda"": 0.3380770104582853, ""subsample"": 0.8239305230122712}",COMPLETE
27,0.17615253377053233,2026-10-08 20:28:48.164113,2026-10-08 20:28:48.220163,0 days 00:00:00.056050,0.9196215479979327,3.180607793911894,0.11082405446348076,1,9,66,0.017973623667340566,0.4390186745558223,0.8216040499725408,0.5328284455818344,11.32461350360178,0.06386304014886078,"{""colsample_bytree"": 0.9196215479979327, ""gamma"": 3.180607793911894, ""learning_rate"": 0.11082405446348076, ""max_depth"": 1, ""min_child_weight"": 9, ""n_estimators"": 66, ""reg_alpha"": 0.017973623667340566, ""reg_lambda"": 0.4390186745558223, ""subsample"": 0.8216040499725408}",COMPLETE
28,0.19947170119017907,2026-10-08 20:28:48.220163,2026-10-08 20:28:48.286223,0 days 00:00:00.066060,0.8827444442336512,3.043126000452027,0.027022313394478557,1,8,93,0.003924509772007213,1.778049127496819,0.8171014857863219,0.4106894604541687,14.424682158279017,0.06930515152300486,"{""colsample_bytree"": 0.8827444442336512, ""gamma"": 3.043126000452027, ""learning_rate"": 0.027022313394478557, ""max_depth"": 1, ""min_child_weight"": 8, ""n_estimators"": 93, ""reg_alpha"": 0.003924509772007213, ""reg_lambda"": 1.778049127496819, ""subsample"": 0.8171014857863219}",COMPLETE
29,0.1743902168636076,2026-10-08 20:28:48.286223,2026-10-08 20:28:48.340273,0 days 00:00:00.054050,0.9765392304178138,3.7479836612960775,0.08866257137867825,1,8,61,0.0006968745710013415,0.744639015758679,0.8326053843424047,0.5311240623796714,11.769786918999904,0.0707876457245741,"{""colsample_bytree"": 0.9765392304178138, ""gamma"": 3.7479836612960775, ""learning_rate"": 0.08866257137867825, ""max_depth"": 1, ""min_child_weight"": 8, ""n_estimators"": 61, ""reg_alpha"": 0.0006968745710013415, ""reg_lambda"": 0.744639015758679, ""subsample"": 0.8326053843424047}",COMPLETE
30,0.18862673850833003,2026-10-08 20:28:48.341273,2026-10-08 20:28:48.420345,0 days 00:00:00.079072,0.9342624676065578,3.29084273536434,0.02956025491781672,1,6,97,0.00058019246154436,0.21645264855083185,0.8301090259671855,0.4649523204443542,13.407874032830145,0.07187918833383443,"{""colsample_bytree"": 0.9342624676065578, ""gamma"": 3.29084273536434, ""learning_rate"": 0.02956025491781672, ""max_depth"": 1, ""min_child_weight"": 6, ""n_estimators"": 97, ""reg_alpha"": 0.00058019246154436, ""reg_lambda"": 0.21645264855083185, ""subsample"": 0.8301090259671855}",COMPLETE
31,0.18119414820123672,2026-10-08 20:28:48.420345,2026-10-08 20:28:48.501418,0 days 00:00:00.081073,0.9531941729007389,3.4970616377424033,0.13777569261886458,1,8,119,0.002185788843626972,0.2575540371103163,0.8343062671684699,0.5142023436325112,11.759443429916082,0.05875514476238975,"{""colsample_bytree"": 0.9531941729007389, ""gamma"": 3.4970616377424033, ""learning_rate"": 0.13777569261886458, ""max_depth"": 1, ""min_child_weight"": 8, ""n_estimators"": 119, ""reg_alpha"": 0.002185788843626972, ""reg_lambda"": 0.2575540371103163, ""subsample"": 0.8343062671684699}",COMPLETE
32,0.174691774724668,2026-10-08 20:28:48.501418,2026-10-08 20:28:48.595504,0 days 00:00:00.094086,0.9753093890788145,4.389526564517802,0.04326395676461954,1,10,112,0.0055984390785917045,0.4878095690635875,0.7582177397962331,0.5324798903705605,12.10653935054448,0.07027661010409839,"{""colsample_bytree"": 0.9753093890788145, ""gamma"": 4.389526564517802, ""learning_rate"": 0.04326395676461954, ""max_depth"": 1, ""min_child_weight"": 10, ""n_estimators"": 112, ""reg_alpha"": 0.0055984390785917045, ""reg_lambda"": 0.4878095690635875, ""subsample"": 0.7582177397962331}",COMPLETE
33,0.1741087601461555,2026-10-08 20:28:48.595504,2026-10-08 20:28:48.691591,0 days 00:00:00.096087,0.9862245490295727,4.007280239726286,0.04122409204561698,1,8,119,0.00020281344152881574,0.5649612421629813,0.8197425124189337,0.5333498693804993,11.756045976713494,0.07227509076581894,"{""colsample_bytree"": 0.9862245490295727, ""gamma"": 4.007280239726286, ""learning_rate"": 0.04122409204561698, ""max_depth"": 1, ""min_child_weight"": 8, ""n_estimators"": 119, ""reg_alpha"": 0.00020281344152881574, ""reg_lambda"": 0.5649612421629813, ""subsample"": 0.8197425124189337}",COMPLETE
34,0.1839444755747298,2026-10-08 20:28:48.691591,2026-10-08 20:28:48.768661,0 days 00:00:00.077070,0.8957066942497203,3.424309486630148,0.05044549139021664,1,8,64,0.0008939320223813313,0.5162350586631759,0.8888257148970186,0.4873818741535237,12.982885375295874,0.07249546640990506,"{""colsample_bytree"": 0.8957066942497203, ""gamma"": 3.424309486630148, ""learning_rate"": 0.05044549139021664, ""max_depth"": 1, ""min_child_weight"": 8, ""n_estimators"": 64, ""reg_alpha"": 0.0008939320223813313, ""reg_lambda"": 0.5162350586631759, ""subsample"": 0.8888257148970186}",COMPLETE
35,0.17918550007209325,2026-10-08 20:28:48.768661,2026-10-08 20:28:48.861746,0 days 00:00:00.093085,0.883759384270313,4.657622845096606,0.039965854389049704,1,4,116,0.0029493550162711904,5.093091754055994,0.8080718825245925,0.5070616938921853,12.120768912804161,0.07379906679318683,"{""colsample_bytree"": 0.883759384270313, ""gamma"": 4.657622845096606, ""learning_rate"": 0.039965854389049704, ""max_depth"": 1, ""min_child_weight"": 4, ""n_estimators"": 116, ""reg_alpha"": 0.0029493550162711904, ""reg_lambda"": 5.093091754055994, ""subsample"": 0.8080718825245925}",COMPLETE
36,0.19278731377086633,2026-10-08 20:28:48.861746,2026-10-08 20:28:48.949825,0 days 00:00:00.088079,0.9626469125289128,3.3479137985726832,0.027231171696034485,1,10,101,0.0011968300838564858,0.6476420895291328,0.7840929682913559,0.44724607118654935,13.717429003657742,0.0694906274762814,"{""colsample_bytree"": 0.9626469125289128, ""gamma"": 3.3479137985726832, ""learning_rate"": 0.027231171696034485, ""max_depth"": 1, ""min_child_weight"": 10, ""n_estimators"": 101, ""reg_alpha"": 0.0011968300838564858, ""reg_lambda"": 0.6476420895291328, ""subsample"": 0.7840929682913559}",COMPLETE
37,0.17441585670376036,2026-10-08 20:28:48.949825,2026-10-08 20:28:49.020890,0 days 00:00:00.071065,0.9848559744235377,2.7854208119439483,0.08100389373881134,1,8,56,0.00030438751247720367,0.371986626113142,0.9067512042831669,0.5315706025080598,11.956020422346105,0.07198546942932867,"{""colsample_bytree"": 0.9848559744235377, ""gamma"": 2.7854208119439483, ""learning_rate"": 0.08100389373881134, ""max_depth"": 1, ""min_child_weight"": 8, ""n_estimators"": 56, ""reg_alpha"": 0.00030438751247720367, ""reg_lambda"": 0.371986626113142, ""subsample"": 0.9067512042831669}",COMPLETE
38,0.1733719438815383,2026-10-08 20:28:49.020890,2026-10-08 20:28:49.115976,0 days 00:00:00.095086,0.9512454722005184,3.7143552523860643,0.041475027684156236,1,9,121,0.0014422585746740745,2.668598442362188,0.8288899537276627,0.5366227946676965,11.626588396408401,0.07211969011556028,"{""colsample_bytree"": 0.9512454722005184, ""gamma"": 3.7143552523860643, ""learning_rate"": 0.041475027684156236, ""max_depth"": 1, ""min_child_weight"": 9, ""n_estimators"": 121, ""reg_alpha"": 0.0014422585746740745, ""reg_lambda"": 2.668598442362188, ""subsample"": 0.8288899537276627}",COMPLETE
39,0.17278159638456594,2026-10-08 20:28:49.115976,2026-10-08 20:28:49.213064,0 days 00:00:00.097088,0.9332635585888677,2.558609683856037,0.10192289061541293,1,5,99,0.0016056249571006318,0.30033935210065077,0.8540510220221786,0.5438169900885851,11.163337477420574,0.06593804999265974,"{""colsample_bytree"": 0.9332635585888677, ""gamma"": 2.558609683856037, ""learning_rate"": 0.10192289061541293, ""max_depth"": 1, ""min_child_weight"": 5, ""n_estimators"": 99, ""reg_alpha"": 0.0016056249571006318, ""reg_lambda"": 0.30033935210065077, ""subsample"": 0.8540510220221786}",COMPLETE
40,0.1721736976054383,2026-10-08 20:28:49.213064,2026-10-08 20:28:49.323165,0 days 00:00:00.110101,0.8712923345960847,3.320115949018098,0.08132929378867237,1,7,107,0.006811983174487813,0.35714287228523145,0.8644682364424573,0.548794316512481,11.359768562069798,0.06455827804518596,"{""colsample_bytree"": 0.8712923345960847, ""gamma"": 3.320115949018098, ""learning_rate"": 0.08132929378867237, ""max_depth"": 1, ""min_child_weight"": 7, ""n_estimators"": 107, ""reg_alpha"": 0.006811983174487813, ""reg_lambda"": 0.35714287228523145, ""subsample"": 0.8644682364424573}",COMPLETE
41,0.17535240431664464,2026-10-08 20:28:49.323165,2026-10-08 20:28:49.468296,0 days 00:00:00.145131,0.9693069016924943,2.315491253778268,0.10233601985227557,1,6,137,0.0024601762857760084,0.27706564297791936,0.8496232124555047,0.5340088504242868,12.208078740242575,0.06331861191778432,"{""colsample_bytree"": 0.9693069016924943, ""gamma"": 2.315491253778268, ""learning_rate"": 0.10233601985227557, ""max_depth"": 1, ""min_child_weight"": 6, ""n_estimators"": 137, ""reg_alpha"": 0.0024601762857760084, ""reg_lambda"": 0.27706564297791936, ""subsample"": 0.8496232124555047}",COMPLETE
42,0.17420757734507253,2026-10-08 20:28:49.468296,2026-10-08 20:28:49.592408,0 days 00:00:00.124112,0.8894400920826434,2.625759675719905,0.05947397141690736,1,5,81,0.0018060827061174005,1.2550930549467227,0.8846522225751694,0.5324333098497228,11.937068905136954,0.07115813886703248,"{""colsample_bytree"": 0.8894400920826434, ""gamma"": 2.625759675719905, ""learning_rate"": 0.05947397141690736, ""max_depth"": 1, ""min_child_weight"": 5, ""n_estimators"": 81, ""reg_alpha"": 0.0018060827061174005, ""reg_lambda"": 1.2550930549467227, ""subsample"": 0.8846522225751694}",COMPLETE
43,0.17536871442004023,2026-10-08 20:28:49.592408,2026-10-08 20:28:49.706512,0 days 00:00:00.114104,0.8856679682965481,3.2168380385626794,0.07961224352110349,1,6,59,0.0037662699232346485,0.17692477422003672,0.923006949758805,0.5235849925516133,12.135177552507846,0.0734436551938096,"{""colsample_bytree"": 0.8856679682965481, ""gamma"": 3.2168380385626794, ""learning_rate"": 0.07961224352110349, ""max_depth"": 1, ""min_child_weight"": 6, ""n_estimators"": 59, ""reg_alpha"": 0.0037662699232346485, ""reg_lambda"": 0.17692477422003672, ""subsample"": 0.923006949758805}",COMPLETE
44,0.17356332779670566,2026-10-08 20:28:49.706512,2026-10-08 20:28:49.837631,0 days 00:00:00.131119,0.898579729167603,2.0771500906117897,0.08075090048047776,1,8,92,0.0013097526425529785,0.5679318597966364,0.9438291306609887,0.5346938495591087,11.336787737050107,0.07069876557490724,"{""colsample_bytree"": 0.898579729167603, ""gamma"": 2.0771500906117897, ""learning_rate"": 0.08075090048047776, ""max_depth"": 1, ""min_child_weight"": 8, ""n_estimators"": 92, ""reg_alpha"": 0.0013097526425529785, ""reg_lambda"": 0.5679318597966364, ""subsample"": 0.9438291306609887}",COMPLETE
45,0.17183524755219315,2026-10-08 20:28:49.837631,2026-10-08 20:28:50.007787,0 days 00:00:00.170156,0.9122642955407269,2.5342849975406394,0.08639139234487159,1,6,85,0.006324376193788261,0.35143757901914185,0.8360975874161145,0.543911363186074,11.66913603601161,0.06970051048148264,"{""colsample_bytree"": 0.9122642955407269, ""gamma"": 2.5342849975406394, ""learning_rate"": 0.08639139234487159, ""max_depth"": 1, ""min_child_weight"": 6, ""n_estimators"": 85, ""reg_alpha"": 0.006324376193788261, ""reg_lambda"": 0.35143757901914185, ""subsample"": 0.8360975874161145}",COMPLETE
46,0.17499607777363899,2026-10-08 20:28:50.007787,2026-10-08 20:28:50.086858,0 days 00:00:00.079071,0.8885940861636515,3.1748372166665177,0.07408485047754838,1,9,56,0.0007797369656142954,0.2598925616081741,0.8478943287124988,0.5303592216830265,11.971457634941109,0.07101461085356407,"{""colsample_bytree"": 0.8885940861636515, ""gamma"": 3.1748372166665177, ""learning_rate"": 0.07408485047754838, ""max_depth"": 1, ""min_child_weight"": 9, ""n_estimators"": 56, ""reg_alpha"": 0.0007797369656142954, ""reg_lambda"": 0.2598925616081741, ""subsample"": 0.8478943287124988}",COMPLETE
47,0.1698476723256858,2026-10-08 20:28:50.086858,2026-10-08 20:28:50.190951,0 days 00:00:00.104093,0.950674081677922,3.4030034673726814,0.06608218961196977,1,5,112,0.0029921455942714436,0.21601293869128224,0.8875990136685155,0.5522003641583426,10.90052339586348,0.07125054961363123,"{""colsample_bytree"": 0.950674081677922, ""gamma"": 3.4030034673726814, ""learning_rate"": 0.06608218961196977, ""max_depth"": 1, ""min_child_weight"": 5, ""n_estimators"": 112, ""reg_alpha"": 0.0029921455942714436, ""reg_lambda"": 0.21601293869128224, ""subsample"": 0.8875990136685155}",COMPLETE
48,0.16840779308441708,2026-10-08 20:28:50.190951,2026-10-08 20:28:50.285037,0 days 00:00:00.094086,0.9574800525397223,2.532244684295583,0.06259804745612871,1,3,111,0.002655186289406276,0.18889269625709995,0.885550853839105,0.5656399124107375,11.23726065699244,0.06480190792623529,"{""colsample_bytree"": 0.9574800525397223, ""gamma"": 2.532244684295583, ""learning_rate"": 0.06259804745612871, ""max_depth"": 1, ""min_child_weight"": 3, ""n_estimators"": 111, ""reg_alpha"": 0.002655186289406276, ""reg_lambda"": 0.18889269625709995, ""subsample"": 0.885550853839105}",COMPLETE
49,0.17423472960836403,2026-10-08 20:28:50.285037,2026-10-08 20:28:50.350096,0 days 00:00:00.065059,0.9726641976866491,3.178920690942134,0.07169844501318237,1,4,58,0.0010513632000812934,0.12535435874027157,0.851141744186474,0.5329661243144633,12.154370189361822,0.07222114574194397,"{""colsample_bytree"": 0.9726641976866491, ""gamma"": 3.178920690942134, ""learning_rate"": 0.07169844501318237, ""max_depth"": 1, ""min_child_weight"": 4, ""n_estimators"": 58, ""reg_alpha"": 0.0010513632000812934, ""reg_lambda"": 0.12535435874027157, ""subsample"": 0.851141744186474}",COMPLETE
50,0.17051224234924356,2026-10-08 20:28:50.350096,2026-10-08 20:28:50.439176,0 days 00:00:00.089080,0.9794310928466539,4.12092298568182,0.059614441035185047,1,5,119,0.006472393669271607,0.18391299676846815,0.8087436144432826,0.5496152359980413,11.092676619829694,0.06979265698224116,"{""colsample_bytree"": 0.9794310928466539, ""gamma"": 4.12092298568182, ""learning_rate"": 0.059614441035185047, ""max_depth"": 1, ""min_child_weight"": 5, ""n_estimators"": 119, ""reg_alpha"": 0.006472393669271607, ""reg_lambda"": 0.18391299676846815, ""subsample"": 0.8087436144432826}",COMPLETE
51,0.17001784040306753,2026-10-08 20:28:50.439176,2026-10-08 20:28:50.536264,0 days 00:00:00.097088,0.9356065403202527,3.7779858626913296,0.07168751765539952,1,4,156,0.004977382499628408,0.206486791854413,0.8161287615692212,0.5572469351597437,11.31676571484102,0.06429700528481995,"{""colsample_bytree"": 0.9356065403202527, ""gamma"": 3.7779858626913296, ""learning_rate"": 0.07168751765539952, ""max_depth"": 1, ""min_child_weight"": 4, ""n_estimators"": 156, ""reg_alpha"": 0.004977382499628408, ""reg_lambda"": 0.206486791854413, ""subsample"": 0.8161287615692212}",COMPLETE
52,0.169590300194315,2026-10-08 20:28:50.536264,2026-10-08 20:28:50.645364,0 days 00:00:00.109100,0.9461981030038477,3.3416998293519344,0.03679840597598481,1,4,130,0.0015424093202793469,0.19121950613772382,0.8914742921262765,0.5521396408399303,11.596208273237517,0.07237609469976967,"{""colsample_bytree"": 0.9461981030038477, ""gamma"": 3.3416998293519344, ""learning_rate"": 0.03679840597598481, ""max_depth"": 1, ""min_child_weight"": 4, ""n_estimators"": 130, ""reg_alpha"": 0.0015424093202793469, ""reg_lambda"": 0.19121950613772382, ""subsample"": 0.8914742921262765}",COMPLETE
53,0.17252715643467678,2026-10-08 20:28:50.645364,2026-10-08 20:28:50.741450,0 days 00:00:00.096086,0.9912609329719498,3.36393556244041,0.06990144951127832,1,6,127,0.001819506257927646,0.1400694992514296,0.9087563172206143,0.5448315939965078,11.078261662888034,0.06784252431069997,"{""colsample_bytree"": 0.9912609329719498, ""gamma"": 3.36393556244041, ""learning_rate"": 0.06990144951127832, ""max_depth"": 1, ""min_child_weight"": 6, ""n_estimators"": 127, ""reg_alpha"": 0.001819506257927646, ""reg_lambda"": 0.1400694992514296, ""subsample"": 0.9087563172206143}",COMPLETE
54,0.16727279162706873,2026-10-08 20:28:50.741450,2026-10-08 20:28:50.828530,0 days 00:00:00.087080,0.9171382326478346,3.7681864666036646,0.04451051958377276,1,3,125,0.004374192931055168,0.14031447348661644,0.8684764281530772,0.5669269342199138,11.336574174264092,0.06761081936535945,"{""colsample_bytree"": 0.9171382326478346, ""gamma"": 3.7681864666036646, ""learning_rate"": 0.04451051958377276, ""max_depth"": 1, ""min_child_weight"": 3, ""n_estimators"": 125, ""reg_alpha"": 0.004374192931055168, ""reg_lambda"": 0.14031447348661644, ""subsample"": 0.8684764281530772}",COMPLETE
55,0.16915814337778937,2026-10-08 20:28:50.828530,2026-10-08 20:28:50.932625,0 days 00:00:00.104095,0.9326946719392827,3.6517955463108707,0.06670482850174753,1,4,153,0.022761872130199007,0.18278581857953677,0.8391187675326773,0.5621798117913143,11.067706785764974,0.06317700414533917,"{""colsample_bytree"": 0.9326946719392827, ""gamma"": 3.6517955463108707, ""learning_rate"": 0.06670482850174753, ""max_depth"": 1, ""min_child_weight"": 4, ""n_estimators"": 153, ""reg_alpha"": 0.022761872130199007, ""reg_lambda"": 0.18278581857953677, ""subsample"": 0.8391187675326773}",COMPLETE
56,0.16832750604530164,2026-10-08 20:28:50.932625,2026-10-08 20:28:51.017701,0 days 00:00:00.085076,0.9192030515798156,3.932806648781073,0.05758821703395147,1,4,111,0.0017120069823130363,0.25620254688434574,0.8708706947965321,0.560821202958421,11.254615268877144,0.0686103674673214,"{""colsample_bytree"": 0.9192030515798156, ""gamma"": 3.932806648781073, ""learning_rate"": 0.05758821703395147, ""max_depth"": 1, ""min_child_weight"": 4, ""n_estimators"": 111, ""reg_alpha"": 0.0017120069823130363, ""reg_lambda"": 0.25620254688434574, ""subsample"": 0.8708706947965321}",COMPLETE
57,0.18009560674589156,2026-10-08 20:28:51.017701,2026-10-08 20:28:51.096773,0 days 00:00:00.079072,0.9402657611336612,2.91097327440056,0.0399759576163458,1,3,85,0.0016493522023775444,0.15404072659460616,0.8954813390594022,0.5055989508568907,12.623127990579862,0.0727955053692241,"{""colsample_bytree"": 0.9402657611336612, ""gamma"": 2.91097327440056, ""learning_rate"": 0.0399759576163458, ""max_depth"": 1, ""min_child_weight"": 3, ""n_estimators"": 85, ""reg_alpha"": 0.0016493522023775444, ""reg_lambda"": 0.15404072659460616, ""subsample"": 0.8954813390594022}",COMPLETE
58,0.1752927596832342,2026-10-08 20:28:51.096773,2026-10-08 20:28:51.170841,0 days 00:00:00.074068,0.9021543959620222,4.02540607643952,0.05569511388604316,1,4,70,0.004570221251225858,0.13529645263606555,0.8487039191830278,0.5249783398883537,12.291162779703166,0.07416950999159541,"{""colsample_bytree"": 0.9021543959620222, ""gamma"": 4.02540607643952, ""learning_rate"": 0.05569511388604316, ""max_depth"": 1, ""min_child_weight"": 4, ""n_estimators"": 70, ""reg_alpha"": 0.004570221251225858, ""reg_lambda"": 0.13529645263606555, ""subsample"": 0.8487039191830278}",COMPLETE
59,0.16877625593461643,2026-10-08 20:28:51.170841,2026-10-08 20:28:51.269931,0 days 00:00:00.099090,0.9487188065770371,4.595019719410747,0.053792844257452975,1,5,130,0.01124179755400781,0.2370507814600021,0.8710574172169766,0.5583099257291165,11.265794904108617,0.0706692209435347,"{""colsample_bytree"": 0.9487188065770371, ""gamma"": 4.595019719410747, ""learning_rate"": 0.053792844257452975, ""max_depth"": 1, ""min_child_weight"": 5, ""n_estimators"": 130, ""reg_alpha"": 0.01124179755400781, ""reg_lambda"": 0.2370507814600021, ""subsample"": 0.8710574172169766}",COMPLETE
60,0.17228891555316375,2026-10-08 20:28:51.269931,2026-10-08 20:28:51.378535,0 days 00:00:00.108604,0.9195637978381054,3.8982755912224896,0.033979389469871585,1,5,162,0.0030251506632147413,0.18262947188816847,0.8657968812576775,0.5390253990443971,11.902562984584721,0.07180547713697027,"{""colsample_bytree"": 0.9195637978381054, ""gamma"": 3.8982755912224896, ""learning_rate"": 0.033979389469871585, ""max_depth"": 1, ""min_child_weight"": 5, ""n_estimators"": 162, ""reg_alpha"": 0.0030251506632147413, ""reg_lambda"": 0.18262947188816847, ""subsample"": 0.8657968812576775}",COMPLETE
61,0.17825082414979912,2026-10-08 20:28:51.378535,2026-10-08 20:28:51.462611,0 days 00:00:00.084076,0.9325586323592352,3.7720906824620206,0.035004955036413904,1,5,112,0.00730310995004305,0.30401819932639507,0.8940291223127186,0.5150789993893851,12.375321523826512,0.07140478135075295,"{""colsample_bytree"": 0.9325586323592352, ""gamma"": 3.7720906824620206, ""learning_rate"": 0.035004955036413904, ""max_depth"": 1, ""min_child_weight"": 5, ""n_estimators"": 112, ""reg_alpha"": 0.00730310995004305, ""reg_lambda"": 0.30401819932639507, ""subsample"": 0.8940291223127186}",COMPLETE
62,0.16642877069758147,2026-10-08 20:28:51.462611,2026-10-08 20:28:51.545685,0 days 00:00:00.083074,0.9860490267898121,3.1661246787074697,0.06374698514912888,1,4,115,0.0024412779038541148,0.2386325794261719,0.9095916894572034,0.5702771829466758,10.939234771848737,0.06843962197562678,"{""colsample_bytree"": 0.9860490267898121, ""gamma"": 3.1661246787074697, ""learning_rate"": 0.06374698514912888, ""max_depth"": 1, ""min_child_weight"": 4, ""n_estimators"": 115, ""reg_alpha"": 0.0024412779038541148, ""reg_lambda"": 0.2386325794261719, ""subsample"": 0.9095916894572034}",COMPLETE
63,0.1711403008004495,2026-10-08 20:28:51.545685,2026-10-08 20:28:51.652783,0 days 00:00:00.107098,0.9820248903513162,3.1390412351573773,0.062267029136517694,1,3,164,0.0037713488497672113,0.29300314417625095,0.898290408039523,0.5576589719045097,11.441731430702568,0.05947722555812925,"{""colsample_bytree"": 0.9820248903513162, ""gamma"": 3.1390412351573773, ""learning_rate"": 0.062267029136517694, ""max_depth"": 1, ""min_child_weight"": 3, ""n_estimators"": 164, ""reg_alpha"": 0.0037713488497672113, ""reg_lambda"": 0.29300314417625095, ""subsample"": 0.898290408039523}",COMPLETE
64,0.1655334979118158,2026-10-08 20:28:51.652783,2026-10-08 20:28:51.745869,0 days 00:00:00.093086,0.9422583855678123,3.66210284752108,0.05153838145109773,1,3,127,0.008111126213349083,0.32436698861620916,0.8632812853316353,0.5777800171202693,11.135127443868427,0.06499757489659279,"{""colsample_bytree"": 0.9422583855678123, ""gamma"": 3.66210284752108, ""learning_rate"": 0.05153838145109773, ""max_depth"": 1, ""min_child_weight"": 3, ""n_estimators"": 127, ""reg_alpha"": 0.008111126213349083, ""reg_lambda"": 0.32436698861620916, ""subsample"": 0.8632812853316353}",COMPLETE
65,0.16768458061609118,2026-10-08 20:28:51.745869,2026-10-08 20:28:51.826941,0 days 00:00:00.081072,0.9549809727925139,3.5717753455714094,0.06340546145093727,1,3,107,0.005084070636016117,0.11129430738465093,0.9274277993861852,0.5713518094471927,11.53311543326896,0.06250201869146328,"{""colsample_bytree"": 0.9549809727925139, ""gamma"": 3.5717753455714094, ""learning_rate"": 0.06340546145093727, ""max_depth"": 1, ""min_child_weight"": 3, ""n_estimators"": 107, ""reg_alpha"": 0.005084070636016117, ""reg_lambda"": 0.11129430738465093, ""subsample"": 0.9274277993861852}",COMPLETE
66,0.16896182065769272,2026-10-08 20:28:51.826941,2026-10-08 20:28:51.913020,0 days 00:00:00.086079,0.9997191334260866,3.559810819864792,0.06034390624887273,1,5,89,0.0018681800109937006,0.21386728963322724,0.9153531587815407,0.5532269818202091,11.429577864091309,0.07369628865207935,"{""colsample_bytree"": 0.9997191334260866, ""gamma"": 3.559810819864792, ""learning_rate"": 0.06034390624887273, ""max_depth"": 1, ""min_child_weight"": 5, ""n_estimators"": 89, ""reg_alpha"": 0.0018681800109937006, ""reg_lambda"": 0.21386728963322724, ""subsample"": 0.9153531587815407}",COMPLETE
67,0.16787573459290273,2026-10-08 20:28:51.914020,2026-10-08 20:28:52.005103,0 days 00:00:00.091083,0.9495567046562726,3.733854294069802,0.05033871238357727,1,4,119,0.007279178422906345,0.326116411709943,0.8266907809443395,0.5602814529653997,11.275833634889906,0.07142215423120363,"{""colsample_bytree"": 0.9495567046562726, ""gamma"": 3.733854294069802, ""learning_rate"": 0.05033871238357727, ""max_depth"": 1, ""min_child_weight"": 4, ""n_estimators"": 119, ""reg_alpha"": 0.007279178422906345, ""reg_lambda"": 0.326116411709943, ""subsample"": 0.8266907809443395}",COMPLETE
68,0.17179674626735122,2026-10-08 20:28:52.005103,2026-10-08 20:28:52.117204,0 days 00:00:00.112101,0.9699666608824579,3.8641782779569755,0.04571104443814036,1,3,98,0.007235585699230066,0.1588386409700271,0.9028254905715428,0.5404561833298712,11.903407818276422,0.0730327758714913,"{""colsample_bytree"": 0.9699666608824579, ""gamma"": 3.8641782779569755, ""learning_rate"": 0.04571104443814036, ""max_depth"": 1, ""min_child_weight"": 3, ""n_estimators"": 98, ""reg_alpha"": 0.007235585699230066, ""reg_lambda"": 0.1588386409700271, ""subsample"": 0.9028254905715428}",COMPLETE
69,0.16877755743258213,2026-10-08 20:28:52.117204,2026-10-08 20:28:52.200279,0 days 00:00:00.083075,0.99724700866533,3.3808600242031,0.09315811559348133,1,3,95,0.0020440461334606647,0.23475578635514194,0.9213690887345941,0.5618736255046838,11.343604796586705,0.06394502807450264,"{""colsample_bytree"": 0.99724700866533, ""gamma"": 3.3808600242031, ""learning_rate"": 0.09315811559348133, ""max_depth"": 1, ""min_child_weight"": 3, ""n_estimators"": 95, ""reg_alpha"": 0.0020440461334606647, ""reg_lambda"": 0.23475578635514194, ""subsample"": 0.9213690887345941}",COMPLETE
70,0.16842571342504828,2026-10-08 20:28:52.200279,2026-10-08 20:28:52.305376,0 days 00:00:00.105097,0.9215874951091473,3.8675903329889345,0.05085016592127957,1,3,116,0.005148557318251692,0.439988211419011,0.8813530241884258,0.5619654241506543,11.358477528975525,0.06671897587751971,"{""colsample_bytree"": 0.9215874951091473, ""gamma"": 3.8675903329889345, ""learning_rate"": 0.05085016592127957, ""max_depth"": 1, ""min_child_weight"": 3, ""n_estimators"": 116, ""reg_alpha"": 0.005148557318251692, ""reg_lambda"": 0.439988211419011, ""subsample"": 0.8813530241884258}",COMPLETE
71,0.16763166983774122,2026-10-08 20:28:52.306376,2026-10-08 20:28:52.422481,0 days 00:00:00.116105,0.9094721787480883,3.7127640500147745,0.05516165428073559,1,4,105,0.0034801577654795745,0.27266361224709185,0.8375038094694787,0.5604769791812438,11.197548015814306,0.0718210224083348,"{""colsample_bytree"": 0.9094721787480883, ""gamma"": 3.7127640500147745, ""learning_rate"": 0.05516165428073559, ""max_depth"": 1, ""min_child_weight"": 4, ""n_estimators"": 105, ""reg_alpha"": 0.0034801577654795745, ""reg_lambda"": 0.27266361224709185, ""subsample"": 0.8375038094694787}",COMPLETE
72,0.16809294979152667,2026-10-08 20:28:52.422481,2026-10-08 20:28:52.530580,0 days 00:00:00.108099,0.9328386706898883,3.330283822467985,0.04948919460622684,1,4,112,0.0032183633720033024,0.15138515406573766,0.9291776359666276,0.5616203953593129,11.391870162311234,0.07084098018146971,"{""colsample_bytree"": 0.9328386706898883, ""gamma"": 3.330283822467985, ""learning_rate"": 0.04948919460622684, ""max_depth"": 1, ""min_child_weight"": 4, ""n_estimators"": 112, ""reg_alpha"": 0.0032183633720033024, ""reg_lambda"": 0.15138515406573766, ""subsample"": 0.9291776359666276}",COMPLETE
73,0.1704540219909448,2026-10-08 20:28:52.530580,2026-10-08 20:28:52.647687,0 days 00:00:00.117107,0.9320260230915933,3.234273549093026,0.05354295913387455,1,3,81,0.016588866807904883,0.17000047240689214,0.9640194366696208,0.5472039472880263,11.834572136430408,0.07425486689570644,"{""colsample_bytree"": 0.9320260230915933, ""gamma"": 3.234273549093026, ""learning_rate"": 0.05354295913387455, ""max_depth"": 1, ""min_child_weight"": 3, ""n_estimators"": 81, ""reg_alpha"": 0.016588866807904883, ""reg_lambda"": 0.17000047240689214, ""subsample"": 0.9640194366696208}",COMPLETE
74,0.16907882680412747,2026-10-08 20:28:52.647687,2026-10-08 20:28:52.860879,0 days 00:00:00.213192,0.8955950552822954,3.2916729910862244,0.05058755561268321,1,4,117,0.004816747727298362,0.26140963746884766,0.8789534473315863,0.5595076681334344,11.271209686333139,0.06779772582051256,"{""colsample_bytree"": 0.8955950552822954, ""gamma"": 3.2916729910862244, ""learning_rate"": 0.05058755561268321, ""max_depth"": 1, ""min_child_weight"": 4, ""n_estimators"": 117, ""reg_alpha"": 0.004816747727298362, ""reg_lambda"": 0.26140963746884766, ""subsample"": 0.8789534473315863}",COMPLETE
75,0.1677239279053314,2026-10-08 20:28:52.860879,2026-10-08 20:28:52.996002,0 days 00:00:00.135123,0.9733964104274974,3.481481236971634,0.04412782896119948,1,4,141,0.0039429794027569685,0.2635371891420601,0.9009429504107458,0.5597798739279888,11.21503961487187,0.07160968650771135,"{""colsample_bytree"": 0.9733964104274974, ""gamma"": 3.481481236971634, ""learning_rate"": 0.04412782896119948, ""max_depth"": 1, ""min_child_weight"": 4, ""n_estimators"": 141, ""reg_alpha"": 0.0039429794027569685, ""reg_lambda"": 0.2635371891420601, ""subsample"": 0.9009429504107458}",COMPLETE
76,0.16780946856327714,2026-10-08 20:28:52.996002,2026-10-08 20:28:53.127121,0 days 00:00:00.131119,0.9511691495927184,3.5641197102471947,0.061112910738652194,1,3,100,0.0017858900985159038,0.1854625986189166,0.921121181386099,0.564592753190248,11.35476309874256,0.06733644830232047,"{""colsample_bytree"": 0.9511691495927184, ""gamma"": 3.5641197102471947, ""learning_rate"": 0.061112910738652194, ""max_depth"": 1, ""min_child_weight"": 3, ""n_estimators"": 100, ""reg_alpha"": 0.0017858900985159038, ""reg_lambda"": 0.1854625986189166, ""subsample"": 0.921121181386099}",COMPLETE
77,0.17068258719493531,2026-10-08 20:28:53.127121,2026-10-08 20:28:53.222207,0 days 00:00:00.095086,0.9623678522739538,3.4249812552492083,0.03731609276174718,1,4,131,0.013448877001803982,0.4630859449709293,0.9118835525450169,0.5496221178060894,11.604171155413729,0.07105243394103115,"{""colsample_bytree"": 0.9623678522739538, ""gamma"": 3.4249812552492083, ""learning_rate"": 0.03731609276174718, ""max_depth"": 1, ""min_child_weight"": 4, ""n_estimators"": 131, ""reg_alpha"": 0.013448877001803982, ""reg_lambda"": 0.4630859449709293, ""subsample"": 0.9118835525450169}",COMPLETE
78,0.16496424400052076,2026-10-08 20:28:53.223208,2026-10-08 20:28:53.305788,0 days 00:00:00.082580,0.9617773409021868,3.22285713509256,0.05939131556189845,1,3,101,0.0017856875935210257,0.19811648096870763,0.9157386475015193,0.5783397462487798,11.155786429807362,0.06589053884310017,"{""colsample_bytree"": 0.9617773409021868, ""gamma"": 3.22285713509256, ""learning_rate"": 0.05939131556189845, ""max_depth"": 1, ""min_child_weight"": 3, ""n_estimators"": 101, ""reg_alpha"": 0.0017856875935210257, ""reg_lambda"": 0.19811648096870763, ""subsample"": 0.9157386475015193}",COMPLETE
79,0.1661124204704554,2026-10-08 20:28:53.305788,2026-10-08 20:28:53.372850,0 days 00:00:00.067062,0.907333860759915,3.8264151287938994,0.07913151613721063,1,3,68,0.0010718699673231578,0.11568373565694119,0.90647435193499,0.5703465324308585,11.407835295326976,0.06912338090913535,"{""colsample_bytree"": 0.907333860759915, ""gamma"": 3.8264151287938994, ""learning_rate"": 0.07913151613721063, ""max_depth"": 1, ""min_child_weight"": 3, ""n_estimators"": 68, ""reg_alpha"": 0.0010718699673231578, ""reg_lambda"": 0.11568373565694119, ""subsample"": 0.90647435193499}",COMPLETE
80,0.1715965923605285,2026-10-08 20:28:53.372850,2026-10-08 20:28:53.475943,0 days 00:00:00.103093,0.9815664667789971,2.969214669961236,0.06711703036514238,1,4,157,0.005417290762718,0.12813761259080583,0.9272428602498803,0.5486022360267945,11.221044169422862,0.06674232326849736,"{""colsample_bytree"": 0.9815664667789971, ""gamma"": 2.969214669961236, ""learning_rate"": 0.06711703036514238, ""max_depth"": 1, ""min_child_weight"": 4, ""n_estimators"": 157, ""reg_alpha"": 0.005417290762718, ""reg_lambda"": 0.12813761259080583, ""subsample"": 0.9272428602498803}",COMPLETE
81,0.17080971471159134,2026-10-08 20:28:53.475943,2026-10-08 20:28:53.548008,0 days 00:00:00.072065,0.9367631161230994,3.4663745535708634,0.06564769471029656,1,5,91,0.004481807414432768,0.15419693977430207,0.943471115560872,0.5450700012439432,11.308337126371434,0.07402332009129983,"{""colsample_bytree"": 0.9367631161230994, ""gamma"": 3.4663745535708634, ""learning_rate"": 0.06564769471029656, ""max_depth"": 1, ""min_child_weight"": 5, ""n_estimators"": 91, ""reg_alpha"": 0.004481807414432768, ""reg_lambda"": 0.15419693977430207, ""subsample"": 0.943471115560872}",COMPLETE
82,0.1682949530063402,2026-10-08 20:28:53.548008,2026-10-08 20:28:53.637090,0 days 00:00:00.089082,0.9702692075021655,3.1113951210493562,0.048552784230298796,1,4,140,0.0007942992159506518,0.23941691886935712,0.9252129685133584,0.5586763639379195,11.222366763270456,0.07077147559886203,"{""colsample_bytree"": 0.9702692075021655, ""gamma"": 3.1113951210493562, ""learning_rate"": 0.048552784230298796, ""max_depth"": 1, ""min_child_weight"": 4, ""n_estimators"": 140, ""reg_alpha"": 0.0007942992159506518, ""reg_lambda"": 0.23941691886935712, ""subsample"": 0.9252129685133584}",COMPLETE
83,0.16667483547619324,2026-10-08 20:28:53.637090,2026-10-08 20:28:53.708154,0 days 00:00:00.071064,0.9961451636789164,3.4716673528627737,0.08641371278516465,1,3,91,0.004200889047781817,0.10780182367283747,0.9288021196350301,0.5721703256699956,11.359883165159438,0.06518039664055005,"{""colsample_bytree"": 0.9961451636789164, ""gamma"": 3.4716673528627737, ""learning_rate"": 0.08641371278516465, ""max_depth"": 1, ""min_child_weight"": 3, ""n_estimators"": 91, ""reg_alpha"": 0.004200889047781817, ""reg_lambda"": 0.10780182367283747, ""subsample"": 0.9288021196350301}",COMPLETE
84,0.16924090623702104,2026-10-08 20:28:53.708154,2026-10-08 20:28:53.783222,0 days 00:00:00.075068,0.9971175588396031,3.256101445454978,0.09341323387721061,1,4,114,0.004515665469508378,0.10920371677431784,0.924387913946385,0.5596334948467067,11.389651030672402,0.06559095443137884,"{""colsample_bytree"": 0.9971175588396031, ""gamma"": 3.256101445454978, ""learning_rate"": 0.09341323387721061, ""max_depth"": 1, ""min_child_weight"": 4, ""n_estimators"": 114, ""reg_alpha"": 0.004515665469508378, ""reg_lambda"": 0.10920371677431784, ""subsample"": 0.924387913946385}",COMPLETE
85,0.17245182029237768,2026-10-08 20:28:53.783222,2026-10-08 20:28:53.847279,0 days 00:00:00.064057,0.9918005498514714,3.459935975306541,0.1398011381050125,1,4,64,0.0020940563403246625,0.11295354588149904,0.9491813699181141,0.544048712312757,11.428325136983347,0.06918298630572514,"{""colsample_bytree"": 0.9918005498514714, ""gamma"": 3.459935975306541, ""learning_rate"": 0.1398011381050125, ""max_depth"": 1, ""min_child_weight"": 4, ""n_estimators"": 64, ""reg_alpha"": 0.0020940563403246625, ""reg_lambda"": 0.11295354588149904, ""subsample"": 0.9491813699181141}",COMPLETE
86,0.16448188698513855,2026-10-08 20:28:53.847279,2026-10-08 20:28:53.926351,0 days 00:00:00.079072,0.9890405901142807,3.5715986573743495,0.05864923134369289,1,3,94,0.003256381193455475,0.16781584812746084,0.8554605889332657,0.5775438017942124,11.285279966020601,0.06886007407790118,"{""colsample_bytree"": 0.9890405901142807, ""gamma"": 3.5715986573743495, ""learning_rate"": 0.05864923134369289, ""max_depth"": 1, ""min_child_weight"": 3, ""n_estimators"": 94, ""reg_alpha"": 0.003256381193455475, ""reg_lambda"": 0.16781584812746084, ""subsample"": 0.8554605889332657}",COMPLETE
87,0.1701604047071594,2026-10-08 20:28:53.926351,2026-10-08 20:28:53.987407,0 days 00:00:00.061056,0.9615420384313724,3.7688813246224613,0.07395314872948572,1,4,58,0.0009292953083339081,0.11849703905523215,0.8934639452681905,0.5533924180153712,11.782550222733954,0.07062433822058745,"{""colsample_bytree"": 0.9615420384313724, ""gamma"": 3.7688813246224613, ""learning_rate"": 0.07395314872948572, ""max_depth"": 1, ""min_child_weight"": 4, ""n_estimators"": 58, ""reg_alpha"": 0.0009292953083339081, ""reg_lambda"": 0.11849703905523215, ""subsample"": 0.8934639452681905}",COMPLETE
88,0.16909434295176204,2026-10-08 20:28:53.987407,2026-10-08 20:28:54.064477,0 days 00:00:00.077070,0.9565187411928067,3.245258853934086,0.07937329532793178,1,4,100,0.003590823197418207,0.1891417953359268,0.939118987229507,0.5614475370365358,11.354214501966831,0.06520225590973357,"{""colsample_bytree"": 0.9565187411928067, ""gamma"": 3.245258853934086, ""learning_rate"": 0.07937329532793178, ""max_depth"": 1, ""min_child_weight"": 4, ""n_estimators"": 100, ""reg_alpha"": 0.003590823197418207, ""reg_lambda"": 0.1891417953359268, ""subsample"": 0.939118987229507}",COMPLETE
89,0.17098658461194294,2026-10-08 20:28:54.064477,2026-10-08 20:28:54.135541,0 days 00:00:00.071064,0.9841820623803385,3.6557812474304563,0.05039976692458314,1,4,90,0.003473464314345346,0.21506452421554223,0.8751429182757274,0.546186915256841,11.875316296934932,0.07300741912691393,"{""colsample_bytree"": 0.9841820623803385, ""gamma"": 3.6557812474304563, ""learning_rate"": 0.05039976692458314, ""max_depth"": 1, ""min_child_weight"": 4, ""n_estimators"": 90, ""reg_alpha"": 0.003473464314345346, ""reg_lambda"": 0.21506452421554223, ""subsample"": 0.8751429182757274}",COMPLETE
90,0.16743820187084724,2026-10-08 20:28:54.135541,2026-10-08 20:28:54.203604,0 days 00:00:00.068063,0.9641698369848278,3.348743815341992,0.0596198712834315,1,3,81,0.003444723718610921,0.27339244051441436,0.9101566347042901,0.5611112142611835,11.575713755834073,0.07236477901726704,"{""colsample_bytree"": 0.9641698369848278, ""gamma"": 3.348743815341992, ""learning_rate"": 0.0596198712834315, ""max_depth"": 1, ""min_child_weight"": 3, ""n_estimators"": 81, ""reg_alpha"": 0.003444723718610921, ""reg_lambda"": 0.27339244051441436, ""subsample"": 0.9101566347042901}",COMPLETE
91,0.17069240653606135,2026-10-08 20:28:54.203604,2026-10-08 20:28:54.281674,0 days 00:00:00.078070,0.980250743082952,3.2533494385865294,0.056122707211528365,1,4,80,0.003318764824338597,0.2978264158758175,0.8491768330229773,0.5473608852569908,11.849118164109575,0.07334994818633031,"{""colsample_bytree"": 0.980250743082952, ""gamma"": 3.2533494385865294, ""learning_rate"": 0.056122707211528365, ""max_depth"": 1, ""min_child_weight"": 4, ""n_estimators"": 80, ""reg_alpha"": 0.003318764824338597, ""reg_lambda"": 0.2978264158758175, ""subsample"": 0.8491768330229773}",COMPLETE
92,0.16865999423891528,2026-10-08 20:28:54.281674,2026-10-08 20:28:54.361747,0 days 00:00:00.080073,0.9660564028273414,3.5593735522142205,0.10475312036458403,1,3,99,0.0016959230411742418,0.21212814931215734,0.9446521550133643,0.5638389497196671,11.499826294736877,0.06403119485568905,"{""colsample_bytree"": 0.9660564028273414, ""gamma"": 3.5593735522142205, ""learning_rate"": 0.10475312036458403, ""max_depth"": 1, ""min_child_weight"": 3, ""n_estimators"": 99, ""reg_alpha"": 0.0016959230411742418, ""reg_lambda"": 0.21212814931215734, ""subsample"": 0.9446521550133643}",COMPLETE
93,0.1711138161506891,2026-10-08 20:28:54.361747,2026-10-08 20:28:54.434812,0 days 00:00:00.073065,0.9952713214237218,3.606877248936823,0.058487377600586754,1,4,74,0.0071012572775789725,0.16097006309746192,0.8919905838120976,0.5467668174968426,11.860549753299834,0.07182920509891476,"{""colsample_bytree"": 0.9952713214237218, ""gamma"": 3.606877248936823, ""learning_rate"": 0.058487377600586754, ""max_depth"": 1, ""min_child_weight"": 4, ""n_estimators"": 74, ""reg_alpha"": 0.0071012572775789725, ""reg_lambda"": 0.16097006309746192, ""subsample"": 0.8919905838120976}",COMPLETE
94,0.1682520529591125,2026-10-08 20:28:54.434812,2026-10-08 20:28:54.550918,0 days 00:00:00.116106,0.972392318004287,3.616336981958514,0.04863821131419962,1,3,114,0.0036766664466027998,0.10799776862614704,0.8953545419360244,0.5629390163735618,11.398157247678958,0.06775573694456827,"{""colsample_bytree"": 0.972392318004287, ""gamma"": 3.616336981958514, ""learning_rate"": 0.04863821131419962, ""max_depth"": 1, ""min_child_weight"": 3, ""n_estimators"": 114, ""reg_alpha"": 0.0036766664466027998, ""reg_lambda"": 0.10799776862614704, ""subsample"": 0.8953545419360244}",COMPLETE
95,0.17128401730699402,2026-10-08 20:28:54.550918,2026-10-08 20:28:54.627988,0 days 00:00:00.077070,0.953925606434062,3.0878881124253326,0.06217970138480286,1,5,83,0.0018099069419165682,0.2966303029209642,0.908309708574387,0.5437157302113201,11.62209434926868,0.07406244328254391,"{""colsample_bytree"": 0.953925606434062, ""gamma"": 3.0878881124253326, ""learning_rate"": 0.06217970138480286, ""max_depth"": 1, ""min_child_weight"": 5, ""n_estimators"": 83, ""reg_alpha"": 0.0018099069419165682, ""reg_lambda"": 0.2966303029209642, ""subsample"": 0.908309708574387}",COMPLETE
96,0.16908215172252017,2026-10-08 20:28:54.627988,2026-10-08 20:28:54.708062,0 days 00:00:00.080074,0.9496173045699501,3.6166439047688677,0.07064868085298417,1,4,87,0.004991046616350919,0.19301143145664806,0.9174472498071609,0.5569327117963337,11.264385207230527,0.0698289924427855,"{""colsample_bytree"": 0.9496173045699501, ""gamma"": 3.6166439047688677, ""learning_rate"": 0.07064868085298417, ""max_depth"": 1, ""min_child_weight"": 4, ""n_estimators"": 87, ""reg_alpha"": 0.004991046616350919, ""reg_lambda"": 0.19301143145664806, ""subsample"": 0.9174472498071609}",COMPLETE
97,0.16741073901603806,2026-10-08 20:28:54.708062,2026-10-08 20:28:54.795140,0 days 00:00:00.087078,0.9634115808679921,3.4228853361559213,0.05773782492948461,1,3,122,0.013263347079083056,0.13172175171900383,0.9393432290777044,0.571494227939001,11.30409184498955,0.06298811887364704,"{""colsample_bytree"": 0.9634115808679921, ""gamma"": 3.4228853361559213, ""learning_rate"": 0.05773782492948461, ""max_depth"": 1, ""min_child_weight"": 3, ""n_estimators"": 122, ""reg_alpha"": 0.013263347079083056, ""reg_lambda"": 0.13172175171900383, ""subsample"": 0.9393432290777044}",COMPLETE
98,0.17168921083824495,2026-10-08 20:28:54.795140,2026-10-08 20:28:54.856195,0 days 00:00:00.061055,0.9573323393434849,3.443297746296274,0.07040468279371895,1,3,63,0.002949909175945488,0.12222522865206809,0.9348103891780758,0.5461906561342816,11.951545411474024,0.07095670806389251,"{""colsample_bytree"": 0.9573323393434849, ""gamma"": 3.443297746296274, ""learning_rate"": 0.07040468279371895, ""max_depth"": 1, ""min_child_weight"": 3, ""n_estimators"": 63, ""reg_alpha"": 0.002949909175945488, ""reg_lambda"": 0.12222522865206809, ""subsample"": 0.9348103891780758}",COMPLETE
99,0.1683760996457261,2026-10-08 20:28:54.856195,2026-10-08 20:28:54.920253,0 days 00:00:00.064058,0.9415251247747425,3.7406748997835386,0.0597234927112669,1,3,74,0.0039433353314208145,0.16527865100128752,0.9393793688481873,0.5587491857755601,11.710029893167023,0.0716974456551241,"{""colsample_bytree"": 0.9415251247747425, ""gamma"": 3.7406748997835386, ""learning_rate"": 0.0597234927112669, ""max_depth"": 1, ""min_child_weight"": 3, ""n_estimators"": 74, ""reg_alpha"": 0.0039433353314208145, ""reg_lambda"": 0.16527865100128752, ""subsample"": 0.9393793688481873}",COMPLETE
