channel,baseline_budget,budget_share_pct,scenario,scenario_budget,budget_change,budget_change_pct,scenario_order
tv_spend,807546.4933333329,27.201819498411727,Baseline,807546.4933333329,0.0,0.0,0
ooh_spend,1504499.733333333,50.678357864714464,Baseline,1504499.733333333,0.0,0.0,0
print_spend,149543.11111111112,5.0372885638874045,Baseline,149543.11111111112,0.0,0.0,0
facebook_spend,96079.67255595436,3.236398067367713,Baseline,96079.67255595436,0.0,0.0,0
search_spend,411053.33333333326,13.84613600561872,Baseline,411053.33333333326,0.0,0.0,0
tv_spend,807546.4933333329,,Conservative,969055.791999999,161509.29866666603,19.99999999999993,1
ooh_spend,1504499.733333333,,Conservative,1250087.0831773789,-254412.6501559541,-16.910116001967225,1
print_spend,149543.11111111112,,Conservative,179451.73333333334,29908.622222222213,20.0,1
facebook_spend,96079.67255595436,,Conservative,76863.7380447635,-19215.934511190862,-20.0,1
search_spend,411053.33333333326,,Conservative,493263.9999999999,82210.66666666663,20.0,1
tv_spend,807546.4933333329,,Moderate,1130565.0906666648,323018.5973333318,39.99999999999984,2
ooh_spend,1504499.733333333,,Moderate,995674.4272643176,-508825.3060690153,-33.82023238659367,2
print_spend,149543.11111111112,,Moderate,209360.35555555555,59817.244444444426,39.99999999999999,2
facebook_spend,96079.67255595436,,Moderate,57647.80353357261,-38431.86902238175,-40.0,2
search_spend,411053.33333333326,,Moderate,575474.6666666665,164421.33333333326,39.99999999999999,2
tv_spend,807546.4933333329,,Aggressive,1292074.389333333,484527.896,60.00000000000003,3
ooh_spend,1504499.733333333,,Aggressive,866718.4055314054,-637781.3278019276,-42.39158795919988,3
print_spend,149543.11111111112,,Aggressive,239268.97777777785,89725.8666666667,60.00000000000001,3
facebook_spend,96079.67255595436,,Aggressive,38431.86902238175,-57647.80353357261,-60.0,3
search_spend,411053.33333333326,,Aggressive,532228.702003443,121175.36867010978,29.47923270381212,3
