scenario,channel,scenario_budget,scenario_modeled_revenue,marginal_roas
Baseline,tv_spend,807546.4933333329,96354468.2203816,3.133361588242001
Baseline,ooh_spend,1504499.733333333,96354468.2203816,0.8382615581424712
Baseline,print_spend,149543.11111111112,96354468.2203816,20.693297174808432
Baseline,facebook_spend,96079.67255595436,96354468.2203816,1.0080961475342496e-08
Baseline,search_spend,411053.33333333326,96354468.2203816,2.1214200570911617
Conservative,tv_spend,969055.791999999,97313870.0802684,2.7906284499771443
Conservative,ooh_spend,1250087.0831773789,97313870.0802684,1.0109168916284816
Conservative,print_spend,179451.73333333334,97313870.0802684,17.182981987908086
Conservative,facebook_spend,76863.7380447635,97313870.0802684,1.2601201844178121e-08
Conservative,search_spend,493263.9999999999,97313870.0802684,1.6222392195159203
Moderate,tv_spend,1130565.0906666648,98046612.0681692,2.530626417592269
Moderate,ooh_spend,995674.4272643176,98046612.0681692,1.2633124508958156
Moderate,print_spend,209360.35555555555,98046612.0681692,14.553610701884208
Moderate,facebook_spend,57647.80353357261,98046612.0681692,1.7189331746417333e-08
Moderate,search_spend,575474.6666666665,98046612.0681692,1.2721234586533137
Aggressive,tv_spend,1292074.389333333,98609220.16385628,2.323818027542157
Aggressive,ooh_spend,866718.4055314054,98609220.16385628,1.4415437685300876
Aggressive,print_spend,239268.97777777785,98609220.16385628,12.521975352182755
Aggressive,facebook_spend,38431.86902238175,98609220.16385628,2.6559456194652343e-08
Aggressive,search_spend,532228.702003443,98609220.16385628,1.4415456419047123
