date,revenue,tv_spend,ooh_spend,print_spend,facebook_spend,search_spend,modeled_revenue
2018-01-29,1862458.33333333,25169.2,0.0,0.0,0.0,8960.0,1909198.8795252475
2018-02-05,1975951.66666667,0.0,0.0,4746.8,472.98034791961,10613.3333333333,2032502.3088849913
2018-02-12,1827318.33333333,9165.21333333333,54185.6,0.0,0.0,0.0,1806963.3987318736
2018-02-19,1656268.33333333,0.0,0.0,6311.42222222223,0.0,0.0,1661462.2907859306
2018-02-26,1703790.0,12356.1066666667,56171.2,10002.8,0.0,7413.33333333333,1674659.0803991258
2018-03-05,1488115.0,0.0,0.0,0.0,0.0,7360.0,1572783.8549902455
2018-03-12,1727330.0,53120.2533333333,90604.2666666667,20486.8,0.0,7080.0,1854955.4415035904
2018-03-19,1208246.66666667,0.0,0.0,0.0,0.0,5960.0,1372248.393082509
2018-03-26,1388960.0,19743.84,81915.2,2989.15555555556,0.0,6333.33333333333,1545506.0259020464
2018-04-02,2408331.66666667,0.0,0.0,0.0,0.0,5520.0,1242012.6041409317
2018-04-09,1131721.66666667,0.0,11257.6,0.0,0.0,5973.33333333333,1334663.211084732
2018-04-16,950015.0,0.0,0.0,0.0,2113.26047838464,4973.33333333333,1118321.1820120637
2018-04-23,801298.333333333,0.0,158353.6,0.0,0.0,3693.33333333333,959586.6835325209
2018-04-30,779838.333333334,0.0,0.0,0.0,12800.5972991227,3173.33333333333,926396.2084772565
2018-05-07,889546.666666667,0.0,59674.1333333333,0.0,0.0,4720.0,1012283.4670788529
2018-05-14,862850.0,0.0,0.0,6803.64444444444,13040.4474426468,0.0,989381.1019651234
2018-05-21,2601601.66666667,947.106666666667,26288.5333333333,0.0,0.0,0.0,2591161.8493212727
2018-05-28,905008.333333334,0.0,0.0,4205.42222222223,1009.04258358804,4640.0,1024076.1122093382
2018-06-04,910551.666666667,0.0,0.0,0.0,0.0,4720.0,1008112.7214199628
2018-06-11,923853.333333333,8314.68,0.0,5424.66666666667,0.0,4533.33333333333,950016.8380059509
2018-06-18,982420.0,0.0,17462.9333333333,0.0,0.0,5413.33333333333,1037026.3756102975
2018-06-25,1056811.66666667,0.0,0.0,10384.1333333333,3756.94273854507,5160.0,1059761.6109948526
2018-07-02,932326.666666667,14621.9466666667,168101.333333333,0.0,0.0,3933.33333333333,999241.0411098803
2018-07-09,1126221.66666667,0.0,0.0,11487.9111111111,8079.80213381583,5186.66666666667,1134681.4236312346
2018-07-16,1140006.66666667,8855.78666666667,59517.8666666667,0.0,0.0,5146.66666666667,1139301.732239028
2018-07-23,1479303.33333333,9728.89333333333,0.0,5172.66666666667,0.0,6920.0,1436240.8953933942
2018-07-30,1647193.33333333,0.0,0.0,0.0,0.0,7746.66666666667,1590329.6535147482
2018-08-06,2009478.33333333,13041.4933333333,92574.4,7200.13333333333,0.0,8773.33333333333,1913342.4506702085
2018-08-13,1523443.33333333,0.0,0.0,0.0,4450.75038775587,0.0,1481038.462492771
2018-08-20,1420118.33333333,61563.12,106432.0,0.0,0.0,0.0,1550829.0942080924
2018-08-27,1673551.66666667,0.0,0.0,0.0,4508.4731882541,8586.66666666667,1679057.0801529777
2018-09-03,2061091.66666667,11661.4133333333,68213.3333333333,772.444444444444,0.0,9733.33333333333,2000064.619793664
2018-09-10,2144110.0,0.0,0.0,536.0,0.0,10506.6666666667,2109827.2020752286
2018-09-17,2058653.33333333,0.0,46120.5333333333,9685.06666666667,3402.89444157937,9360.0,2053174.0887219186
2018-09-24,2208345.0,887.933333333333,29320.0,0.0,0.0,10893.3333333333,2136664.551835431
2018-10-01,2603008.33333333,156703.44,26227.2,2698.44444444444,916.844868843293,12346.6666666667,2763746.376370596
2018-10-08,2313193.33333333,0.0,0.0,2589.82222222223,2015.84616477365,11493.3333333333,2364765.166302511
2018-10-15,2813106.66666667,44489.52,63107.2,1039.11111111111,2442.58663289726,12760.0,2808825.3681300357
2018-10-22,2665110.0,0.0,0.0,0.0,0.0,13493.3333333333,2700531.493248877
2018-10-29,2947875.0,25289.9733333333,0.0,2128.13333333333,7931.80949206687,13800.0,2815525.234435509
2018-11-05,2768941.66666667,0.0,145392.0,1455.51111111111,0.0,14053.3333333333,2713332.91938351
2018-11-12,2666240.0,57350.92,0.0,0.0,8728.47486240127,0.0,2679290.8975424846
2018-11-19,2559550.0,0.0,47053.3333333333,0.0,0.0,0.0,2521204.7101477594
2018-11-26,2653766.66666667,53525.2,0.0,15129.4666666667,7003.5951068445,16000.0,2565565.289580414
2018-12-03,2144703.33333333,0.0,53558.9333333333,0.0,0.0,13986.6666666667,2225424.72786307
2018-12-10,2451681.66666667,0.0,0.0,6282.66666666667,0.0,15773.3333333333,2505199.288731154
2018-12-17,2469486.66666667,0.0,15363.7333333333,0.0,0.0,15546.6666666667,2487090.933530541
2018-12-24,3208150.0,158046.573333333,0.0,7451.95555555556,9068.00740600003,17146.6666666667,3307307.2319713323
2018-12-31,2746851.66666667,51379.9066666667,0.0,0.0,0.0,14493.3333333333,3075781.804159828
2019-01-07,2566165.0,0.0,329.6,903.6,1475.81477779394,17026.6666666667,2610744.9517453616
2019-01-14,2554828.33333333,11583.9733333333,0.0,735.111111111111,0.0,16293.3333333333,2454301.8027012753
2019-01-21,1959706.66666667,0.0,27275.2,2920.22222222223,2861.5022027215,13813.3333333333,1848958.0890400321
