model,scenario,channel,baseline_budget,optimized_budget,budget_change,budget_change_pct
Original MMM,Conservative,tv_spend,807546.4933333329,969055.7919999986,161509.29866666568,19.999999999999886
Original MMM,Conservative,ooh_spend,1504499.733333333,1250087.0831773786,-254412.6501559543,-16.910116001967236
Original MMM,Conservative,print_spend,149543.11111111112,179451.73333333334,29908.622222222213,19.999999999999996
Original MMM,Conservative,facebook_spend,96079.67255595436,76863.7380447635,-19215.934511190862,-19.999999999999996
Original MMM,Conservative,search_spend,411053.33333333326,493263.9999999999,82210.66666666663,19.999999999999996
Original MMM,Moderate,tv_spend,807546.4933333329,1130565.090666666,323018.597333333,39.99999999999997
Original MMM,Moderate,ooh_spend,1504499.733333333,995674.4272574297,-508825.30607590324,-33.8202323870515
Original MMM,Moderate,print_spend,149543.11111111112,209360.35555555555,59817.244444444426,39.99999999999999
Original MMM,Moderate,facebook_spend,96079.67255595436,57647.80353357261,-38431.86902238175,-40.0
Original MMM,Moderate,search_spend,411053.33333333326,575474.6666666665,164421.33333333326,39.99999999999999
Original MMM,Aggressive,tv_spend,807546.4933333329,1292074.389333333,484527.89599999995,60.00000000000003
Original MMM,Aggressive,ooh_spend,1504499.733333333,741261.7742002382,-763237.9591330948,-50.73034858185606
Original MMM,Aggressive,print_spend,149543.11111111112,239268.97777777773,89725.86666666661,59.999999999999964
Original MMM,Aggressive,facebook_spend,96079.67255595436,38431.86902238183,-57647.80353357253,-59.99999999999992
Original MMM,Aggressive,search_spend,411053.33333333326,657685.3333333333,246632.0,60.00000000000001
Holiday-Aware MMM,Conservative,tv_spend,807546.4933333329,969055.791999999,161509.29866666603,19.99999999999993
Holiday-Aware MMM,Conservative,ooh_spend,1504499.733333333,1250087.0831773789,-254412.65015595406,-16.910116001967225
Holiday-Aware MMM,Conservative,print_spend,149543.11111111112,179451.73333333334,29908.622222222213,19.999999999999996
Holiday-Aware MMM,Conservative,facebook_spend,96079.67255595436,76863.7380447635,-19215.934511190862,-19.999999999999996
Holiday-Aware MMM,Conservative,search_spend,411053.33333333326,493263.9999999999,82210.66666666663,19.999999999999996
Holiday-Aware MMM,Moderate,tv_spend,807546.4933333329,1130565.0906666648,323018.5973333318,39.99999999999984
Holiday-Aware MMM,Moderate,ooh_spend,1504499.733333333,995674.4272643176,-508825.3060690153,-33.82023238659367
Holiday-Aware MMM,Moderate,print_spend,149543.11111111112,209360.35555555555,59817.244444444426,39.99999999999999
Holiday-Aware MMM,Moderate,facebook_spend,96079.67255595436,57647.80353357261,-38431.86902238175,-40.0
Holiday-Aware MMM,Moderate,search_spend,411053.33333333326,575474.6666666665,164421.33333333326,39.99999999999999
Holiday-Aware MMM,Aggressive,tv_spend,807546.4933333329,1292074.389333333,484527.89599999995,60.00000000000003
Holiday-Aware MMM,Aggressive,ooh_spend,1504499.733333333,866718.4055314054,-637781.3278019276,-42.39158795919988
Holiday-Aware MMM,Aggressive,print_spend,149543.11111111112,239268.97777777782,89725.8666666667,60.00000000000001
Holiday-Aware MMM,Aggressive,facebook_spend,96079.67255595436,38431.86902238175,-57647.80353357261,-60.0
Holiday-Aware MMM,Aggressive,search_spend,411053.33333333326,532228.702003443,121175.36867010978,29.47923270381212
