channel,budget_multiplier,channel_budget,modeled_revenue,revenue_change_from_baseline,marginal_roas
tv_spend,0.4,323018.5973333332,94432528.67489073,-1921939.5454908758,5.048134012994321
tv_spend,0.45,363395.92199999985,94632107.58923042,-1722360.6311511844,4.837905960684212
tv_spend,0.5,403773.24666666647,94823269.00466835,-1531199.2157132477,4.631852650920464
tv_spend,0.55,444150.57133333315,95006251.88985755,-1348216.3305240571,4.4332449118907915
tv_spend,0.6000000000000001,484527.89599999983,95181404.19076507,-1173064.0296165347,4.244273337309971
tv_spend,0.6500000000000001,524905.2206666665,95349144.97636004,-1005323.2440215647,4.066297756012099
tv_spend,0.7000000000000001,565282.5453333331,95509933.96473409,-844534.2556475103,3.8999952029126908
tv_spend,0.7500000000000001,605659.8699999998,95664246.81130126,-690221.4090803415,3.745501906364882
tv_spend,0.8,646037.1946666664,95812556.12774312,-541912.0926384777,3.6025534385061295
tv_spend,0.8500000000000001,686414.5193333331,95955317.92240779,-399150.2979738116,3.470611247427542
tv_spend,0.9000000000000001,726791.8439999998,96092962.72836608,-261505.4920155257,3.348967503371269
tv_spend,0.9500000000000002,767169.1686666665,96225890.48263107,-128577.73775053024,3.236826099283866
tv_spend,1.0,807546.4933333329,96354468.2203816,0.0,3.133361588242001
tv_spend,1.0500000000000003,847923.8179999999,96479029.76284312,124561.54246151447,3.037759664209141
tv_spend,1.1,888301.1426666663,96599876.73498665,245408.51460504532,2.9492432092169003
tv_spend,1.1500000000000001,928678.467333333,96717280.4068475,362812.1864659041,2.8670876126072944
tv_spend,1.2000000000000002,969055.7919999997,96831483.98989941,477015.76951780915,2.790628449977142
tv_spend,1.2500000000000002,1009433.1166666663,96942705.1310136,588236.9106319994,2.7192639407207015
tv_spend,1.3000000000000003,1049810.441333333,97051138.43162328,696670.2112416774,2.6524539958780164
tv_spend,1.35,1090187.7659999996,97156957.88238427,802489.6620026678,2.589717167251533
tv_spend,1.4000000000000004,1130565.0906666664,97260319.14830282,905850.9279212207,2.530626417585675
tv_spend,1.4500000000000002,1170942.415333333,97361361.67020652,1006893.4498249143,2.4748043377750313
tv_spend,1.5000000000000004,1211319.7399999998,97460210.56915013,1105742.3487685323,2.4219182228429705
tv_spend,1.5500000000000003,1251697.0646666663,97556978.35372357,1202510.133341968,2.371675266384927
tv_spend,1.6,1292074.389333333,97651766.43844561,1297298.2180640101,2.3238180275479237
ooh_spend,0.4,601799.8933333332,95210107.23430873,-1144360.986072868,2.011423376321173
ooh_spend,0.45,677024.8799999999,95353594.7721524,-1000873.4482292086,1.8102820720437194
ooh_spend,0.5,752249.8666666665,95483348.23778285,-871119.9825987518,1.6445405697893873
ooh_spend,0.55,827474.8533333332,95601684.0380066,-752784.1823749989,1.505534419598152
ooh_spend,0.6000000000000001,902699.8399999999,95710373.75780961,-644094.4625719935,1.387240276245402
ooh_spend,0.6500000000000001,977924.8266666667,95810804.21954797,-543664.0008336306,1.2853332359024787
ooh_spend,0.7000000000000001,1053149.8133333332,95904082.32851359,-450385.89186801016,1.1966233295117932
ooh_spend,0.7500000000000001,1128374.7999999998,95991106.22290356,-363361.9974780381,1.118703653834149
ooh_spend,0.8,1203599.7866666664,96072615.01364177,-281853.206739828,1.0497224715615057
ooh_spend,0.8500000000000001,1278824.7733333332,96149224.44926265,-205243.77111895382,0.9882309357868142
ooh_spend,0.9000000000000001,1354049.7599999998,96221453.05454549,-133015.1658361107,0.9330785758696498
ooh_spend,0.9500000000000002,1429274.7466666666,96289741.65685521,-64726.56352639198,0.8833398657964259
ooh_spend,1.0,1504499.733333333,96354468.2203816,0.0,0.8382615581424712
ooh_spend,1.0500000000000003,1579724.72,96415959.28534798,61491.064966380596,0.7972242151716786
ooh_spend,1.1,1654949.7066666663,96474498.90776104,120030.6873794347,0.759713648301606
ooh_spend,1.1500000000000001,1730174.6933333331,96530335.73024759,175867.50986598432,0.7252994005253206
ooh_spend,1.2000000000000002,1805399.6799999997,96583688.63577731,229220.4153957069,0.6936183189781543
ooh_spend,1.2500000000000002,1880624.6666666665,96634751.31315194,280283.09277033806,0.664361861644478
ooh_spend,1.3000000000000003,1955849.6533333333,96683695.97712404,329227.7567424327,0.6372661810211393
ooh_spend,1.35,2031074.6399999997,96730676.4248494,376208.20446780324,0.6121042989670057
ooh_spend,1.4000000000000004,2106299.6266666665,96775830.566255,421362.34587340057,0.5886798742078567
ooh_spend,1.4500000000000002,2181524.613333333,96819282.53364871,464814.3132671118,0.5668221957846156
ooh_spend,1.5000000000000004,2256749.6,96861144.45202608,506676.2316444814,0.5463821293332165
ooh_spend,1.5500000000000003,2331974.5866666664,96901517.9336606,547049.713278994,0.5272288106925722
ooh_spend,1.6,2407199.573333333,96940495.34705171,586027.1266701072,0.5092469304690225
print_spend,0.4,59817.244444444455,93664615.56245574,-2689852.657925859,44.309413606169215
print_spend,0.45,67294.40000000001,93982532.57796176,-2371935.642419845,40.81282898750557
print_spend,0.5,74771.55555555556,94276088.34675643,-2078379.8736251742,37.776696063675026
print_spend,0.55,82248.71111111113,94548388.19446689,-1806080.0259147137,35.11488079012603
print_spend,0.6000000000000001,89725.86666666668,94801976.19610159,-1552492.0242800117,32.76212379375572
print_spend,0.6500000000000001,97203.02222222225,95038966.52476788,-1315501.695613727,30.667876166411215
print_spend,0.7000000000000001,104680.17777777779,95261137.32487008,-1093330.895511523,28.79225838050796
print_spend,0.7500000000000001,112157.33333333336,95469999.59716345,-884468.623218149,27.103316287271987
print_spend,0.8,119634.48888888891,95666848.87479965,-687619.3455819488,25.57510264189781
print_spend,0.8500000000000001,127111.64444444446,95852804.72288315,-501663.49749845266,24.186302283599044
print_spend,0.9000000000000001,134588.80000000002,96028841.42204879,-325626.7983328104,22.919225851387626
print_spend,0.9500000000000002,142065.95555555559,96195812.14149621,-158656.07888539135,21.759059615584068
print_spend,1.0,149543.11111111112,96354468.2203816,0.0,20.693297174808432
print_spend,1.0500000000000003,157020.26666666672,96505474.7177109,151006.49732929468,19.711302766779433
print_spend,1.1,164497.42222222226,96649423.07712916,294954.85674755275,18.803971431828295
print_spend,1.1500000000000001,171974.5777777778,96786841.5339856,432373.31360399723,17.96346152339586
print_spend,1.2000000000000002,179451.73333333337,96918203.73636371,563735.5159821063,17.18298198799112
print_spend,1.2500000000000002,186928.88888888893,97043935.9392722,689467.7188905925,16.456621612446234
print_spend,1.3000000000000003,194406.0444444445,97164423.04871224,809954.828330636,15.779210787297616
print_spend,1.35,201883.20000000004,97280013.73105323,925545.5106716305,15.146208712976618
print_spend,1.4000000000000004,209360.35555555564,97391024.75706013,1036556.5366785228,14.553610701884203
print_spend,1.4500000000000002,216837.51111111115,97497744.71487103,1143276.4944894314,13.99787148683502
print_spend,1.5000000000000004,224314.66666666674,97600437.19930318,1245968.9789215773,13.47584137849157
print_spend,1.5500000000000003,231791.82222222228,97699343.56399076,1344875.3436091542,12.984712811957833
print_spend,1.6,239268.97777777782,97794685.30653366,1440217.0861520618,12.521975352245034
facebook_spend,0.4,38431.86902238175,96354468.21947235,-0.0009092539548873901,2.6753320838408932e-08
facebook_spend,0.45,43235.85265017946,96354468.21959321,-0.0007883906364440918,2.3780729634141274e-08
facebook_spend,0.5,48039.83627797718,96354468.21970052,-0.0006810873746871948,2.124756495572188e-08
facebook_spend,0.55,52843.8199057749,96354468.21979685,-0.0005847513675689697,1.9315968141565343e-08
facebook_spend,0.6000000000000001,57647.80353357262,96354468.21988416,-0.0004974454641342163,1.7318574842255054e-08
facebook_spend,0.6500000000000001,62451.78716137035,96354468.21996383,-0.0004177689552307129,1.574777413899656e-08
facebook_spend,0.7000000000000001,67255.77078916806,96354468.2200371,-0.00034449994564056396,1.4733712925500568e-08
facebook_spend,0.7500000000000001,72059.75441696578,96354468.22010477,-0.00027683377265930176,1.3441281967123328e-08
facebook_spend,0.8,76863.7380447635,96354468.22016768,-0.00021392107009887695,1.260120184417812e-08
facebook_spend,0.8500000000000001,81667.72167256121,96354468.22022632,-0.00015528500080108643,1.1951185097464859e-08
facebook_spend,0.9000000000000001,86471.70530035894,96354468.22028129,-0.00010031461715698242,1.1028744178152474e-08
facebook_spend,0.9500000000000002,91275.68892815665,96354468.22033292,-4.868209362030029e-05,1.0366656739825885e-08
facebook_spend,1.0,96079.67255595436,96354468.2203816,0.0,1.0080961475342497e-08
facebook_spend,1.0500000000000003,100883.6561837521,96354468.22042762,4.601478576660156e-05,9.379356097937705e-09
facebook_spend,1.1,105687.6398115498,96354468.2204712,8.960068225860596e-05,8.741533027569716e-09
facebook_spend,1.1500000000000001,110491.62343934752,96354468.2205126,0.00013099610805511475,8.361466374197121e-09
facebook_spend,1.2000000000000002,115295.60706714525,96354468.22055206,0.00017045438289642334,8.013071941938906e-09
facebook_spend,1.2500000000000002,120099.59069494296,96354468.22058965,0.00020805001258850098,7.69254906426135e-09
facebook_spend,1.3000000000000003,124903.5743227407,96354468.22062558,0.00024397671222686768,7.3370311329415785e-09
facebook_spend,1.35,129707.5579505384,96354468.22065999,0.0002783834934234619,6.950406487273174e-09
facebook_spend,1.4000000000000004,134511.54157833612,96354468.22069295,0.00031134486198425293,6.7575675823724415e-09
facebook_spend,1.4500000000000002,139315.52520613384,96354468.22072457,0.00034296512603759766,6.524548010566495e-09
facebook_spend,1.5000000000000004,144119.50883393158,96354468.220755,0.00037339329719543457,6.255365838545855e-09
facebook_spend,1.5500000000000003,148923.49246172927,96354468.22078428,0.0004026740789413452,5.953520672782913e-09
facebook_spend,1.6,153727.476089527,96354468.22081245,0.00043085217475891113,5.767473151758447e-09
search_spend,0.4,164421.3333333333,95475508.19813281,-878960.0222487897,5.82891220229059
search_spend,0.45,184973.99999999997,95589604.6919996,-764863.5283820033,5.28484285093673
search_spend,0.5,205526.66666666663,95693170.18936889,-661298.0310127139,4.803035203354784
search_spend,0.55,226079.3333333333,95787414.54025237,-567053.68012923,4.37662995764516
search_spend,0.6000000000000001,246632.0,95873405.77216168,-481062.44821992517,3.998821218066632
search_spend,0.6500000000000001,267184.6666666667,95952077.43181026,-402390.7885713428,3.6633754068913125
search_spend,0.7000000000000001,287737.3333333333,96024242.32365532,-330225.89672628045,3.3647852335940773
search_spend,0.7500000000000001,308290.0,96090607.58862932,-263860.6317522824,3.098268722589985
search_spend,0.8,328842.6666666666,96151789.0349164,-202679.18546520174,2.8597075343241984
search_spend,0.8500000000000001,349395.3333333333,96208323.963512,-146144.25686959922,2.645566641569435
search_spend,0.9000000000000001,369948.0,96260682.31940997,-93785.90097163618,2.452813590509282
search_spend,0.9500000000000002,390500.6666666667,96309276.24703236,-45191.9733492434,2.2788446359848407
search_spend,1.0,411053.33333333326,96354468.2203816,0.0,2.1214200570911617
search_spend,1.0500000000000003,431606.0,96396577.9400539,42109.71967229247,1.978608761272157
search_spend,1.1,452158.6666666666,96435888.1808208,81419.96043919027,1.848741391839764
search_spend,1.1500000000000001,472711.3333333333,96472649.75367343,118181.53329183161,1.7303708622138714
search_spend,1.2000000000000002,493264.0,96507085.72360398,152617.5032223761,1.6222392195008155
search_spend,1.2500000000000002,513816.6666666667,96539395.00268841,184926.78230680525,1.5232498336332878
search_spend,1.3000000000000003,534369.3333333334,96569755.41867945,215287.19829784334,1.4324440348753704
search_spend,1.35,554921.9999999999,96598326.34267735,243858.12229575217,1.3489814564000782
search_spend,1.4000000000000004,575474.6666666667,96625250.94542877,270782.7250471711,1.272123458653313
search_spend,1.4500000000000002,596027.3333333333,96650658.14011809,296189.91973648965,1.201219119069555
search_spend,1.5000000000000004,616580.0000000001,96674664.25983839,320196.0394567847,1.1356933591068379
search_spend,1.5500000000000003,637132.6666666666,96697374.50993007,342906.28954847157,1.0750368560754446
search_spend,1.6,657685.3333333333,96718884.22877313,364416.0083915293,1.0187974478152229
