scenario,channel,baseline_budget,optimized_budget,budget_change,budget_change_pct
Conservative,tv_spend,807546.4933333329,969055.791999999,161509.29866666603,19.99999999999993
Conservative,ooh_spend,1504499.733333333,1250087.0831773789,-254412.65015595406,-16.910116001967225
Conservative,print_spend,149543.11111111112,179451.73333333334,29908.622222222213,19.999999999999996
Conservative,facebook_spend,96079.67255595436,76863.7380447635,-19215.934511190862,-19.999999999999996
Conservative,search_spend,411053.33333333326,493263.9999999999,82210.66666666663,19.999999999999996
Moderate,tv_spend,807546.4933333329,1130565.0906666648,323018.5973333318,39.99999999999984
Moderate,ooh_spend,1504499.733333333,995674.4272643176,-508825.3060690153,-33.82023238659367
Moderate,print_spend,149543.11111111112,209360.35555555555,59817.244444444426,39.99999999999999
Moderate,facebook_spend,96079.67255595436,57647.80353357261,-38431.86902238175,-40.0
Moderate,search_spend,411053.33333333326,575474.6666666665,164421.33333333326,39.99999999999999
Aggressive,tv_spend,807546.4933333329,1292074.389333333,484527.89599999995,60.00000000000003
Aggressive,ooh_spend,1504499.733333333,866718.4055314054,-637781.3278019276,-42.39158795919988
Aggressive,print_spend,149543.11111111112,239268.97777777782,89725.8666666667,60.00000000000001
Aggressive,facebook_spend,96079.67255595436,38431.86902238175,-57647.80353357261,-60.0
Aggressive,search_spend,411053.33333333326,532228.702003443,121175.36867010978,29.47923270381212
